Workbook

Sheet Mayor Mapping
A3: Count of CUTAM | B3: Column Labels
A4: Row Labels | B4: DA | C4: Ind. | D4: PAS | E4: PDCM | F4: PDMM | G4: PLDM | H4: PSDE | I4: PSRM | J4: Respect | K4: Grand Total
A5: 2026-01 | C5: 1 | D5: 2 | K5: 3
A6: 2026-02 | C6: 1 | D6: 2 | E6: 2 | H6: 1 | K6: 6
A7: 2026-03 | C7: 1 | F7: 2 | K7: 3
A8: 2026-04 | D8: 1 | I8: 2 | K8: 3
A9: 2026-05 | E9: 1 | H9: 1 | I9: 1 | J9: 2 | K9: 5
A10: 2026-06 | D10: 2 | K10: 2
A11: 2026-07 | C11: 1 | D11: 1 | K11: 2
A12: 2026-08 | C12: 1 | D12: 2 | J12: 1 | K12: 4
A13: 2026-09 | D13: 1 | G13: 1 | K13: 2
A14: 2026-10 | C14: 1 | D14: 2 | I14: 1 | K14: 4
A15: 2026-11 | D15: 2 | K15: 2
A16: 2026-12 | D16: 2 | I16: 2 | K16: 4
A17: 2026-13 | B17: 1 | D17: 3 | I17: 1 | K17: 5
A18: 2026-14 | D18: 1 | H18: 1 | K18: 2
A19: 2026-15 | D19: 2 | K19: 2
A20: 2026-16 | D20: 1 | I20: 2 | K20: 3
A21: Grand Total | B21: 1 | C21: 6 | D21: 24 | E21: 3 | F21: 2 | G21: 1 | H21: 3 | I21: 9 | J21: 3 | K21: 52

Sheet Council Mapping
A3: Count of CUTAM | B3: Column Labels
A4: Row Labels | B4: DA | C4: PAS | D4: PAS/PDCM | E4: PAS/PSDE | F4: PAS/PSRM | G4: PDCM | H4: PDCM/PAS | I4: PDCM/PSDE | J4: PDMM | K4: PLDM | L4: PLDM/DA | M4: PSDE | N4: PSDE/PAS | O4: PSDE/PAS/PSRM | P4: PSRM | Q4: PSRM/PAS | R4: Renaștere | S4: Respect | T4: Respect/PAS/PDCM | U4: Respect/PSRM | V4: Grand Total
A5: 2026-01 | C5: 2 | Q5: 1 | V5: 3
A6: 2026-02 | C6: 2 | E6: 1 | G6: 1 | I6: 1 | M6: 1 | V6: 6
A7: 2026-03 | J7: 2 | L7: 1 | V7: 3
A8: 2026-04 | C8: 1 | P8: 2 | V8: 3
A9: 2026-05 | H9: 1 | N9: 1 | P9: 1 | T9: 1 | U9: 1 | V9: 5
A10: 2026-06 | C10: 2 | V10: 2
A11: 2026-07 | C11: 1 | R11: 1 | V11: 2
A12: 2026-08 | D12: 1 | F12: 1 | Q12: 1 | S12: 1 | V12: 4
A13: 2026-09 | C13: 1 | K13: 1 | V13: 2
A14: 2026-10 | C14: 1 | O14: 1 | P14: 2 | V14: 4
A15: 2026-11 | C15: 2 | V15: 2
A16: 2026-12 | C16: 2 | P16: 1 | Q16: 1 | V16: 4
A17: 2026-13 | B17: 1 | C17: 1 | F17: 1 | P17: 1 | Q17: 1 | V17: 5
A18: 2026-14 | C18: 1 | M18: 1 | V18: 2
A19: 2026-15 | C19: 1 | N19: 1 | V19: 2
A20: 2026-16 | F20: 1 | P20: 2 | V20: 3
A21: Grand Total | B21: 1 | C21: 17 | D21: 1 | E21: 1 | F21: 3 | G21: 1 | H21: 1 | I21: 1 | J21: 2 | K21: 1 | L21: 1 | M21: 2 | N21: 2 | O21: 1 | P21: 9 | Q21: 4 | R21: 1 | S21: 1 | T21: 1 | U21: 1 | V21: 52

Sheet Individual
A1: Cluster_ID | B1: CUTAM | C1: Date | D1: Name | E1: Raion | F1: Mayor_Party | G1: Council_Party | H1: Upfront_grant (MDL M) | I1: Population (2024) | J1: km2 | K1: Below 1500 | L1: Below 3000 | M1: Source
A2: 2026-01 | B2: 1038 | C2: 46186 | D2: Roșcani | E2: Anenii Noi | F2: PAS | G2: PAS | H2: 15.3 | I2: =VLOOKUP(B2,Populations!$C$1:$F$900,4,FALSE) -> 1670 | J2: =VLOOKUP(B2,Area!$E$2:$F$896,2,FALSE) -> 16.3 | K2: =IF(I2<1500,1,0) -> 0 | L2: =IF(I2<3000,1,0) -> 1 | M2: https://radiomoldova.md/p/78588/trei-localitati-din-raionul-anenii-noi-au-decis-amalgamarea-voluntara
A3: 2026-01 | B3: 1043 | C3: 46186 | D3: Telița | E3: Anenii Noi | F3: PAS | G3: PAS | H3: 15.3 | I3: =VLOOKUP(B3,Populations!$C$1:$F$900,4,FALSE) -> 823 | J3: =VLOOKUP(B3,Area!$E$2:$F$896,2,FALSE) -> 21.489 | K3: =IF(I3<1500,1,0) -> 1 | L3: =IF(I3<3000,1,0) -> 1 | M3: https://radiomoldova.md/p/78588/trei-localitati-din-raionul-anenii-noi-au-decis-amalgamarea-voluntara
A4: 2026-01 | B4: 1015 | C4: 46186 | D4: Calfa | E4: Anenii Noi | F4: Ind. | G4: PSRM/PAS | H4: 15.3 | I4: =VLOOKUP(B4,Populations!$C$1:$F$900,4,FALSE) -> 1226 | J4: =VLOOKUP(B4,Area!$E$2:$F$896,2,FALSE) -> 21.537 | K4: =IF(I4<1500,1,0) -> 1 | L4: =IF(I4<3000,1,0) -> 1 | M4: https://radiomoldova.md/p/78588/trei-localitati-din-raionul-anenii-noi-au-decis-amalgamarea-voluntara
A5: 2026-02 | B5: 5310 | C5: 46196 | D5: Bălceana | E5: Hîncești | F5: Ind. | G5: PAS/PSDE | H5: 41 | I5: =VLOOKUP(B5,Populations!$C$1:$F$900,4,FALSE) -> 955 | J5: =VLOOKUP(B5,Area!$E$2:$F$896,2,FALSE) -> 29.838 | K5: =IF(I5<1500,1,0) -> 1 | L5: =IF(I5<3000,1,0) -> 1 | M5: https://democracy.md/sase-localitati-din-hancesti-se-unesc-intr-o-primarie-mai-mare-investitii-de-41-milioane-de-lei/
A6: 2026-02 | B6: 5314 | C6: 46196 | D6: Boghiceni | E6: Hîncești | F6: PAS | G6: PAS | H6: 41 | I6: =VLOOKUP(B6,Populations!$C$1:$F$900,4,FALSE) -> 1530 | J6: =VLOOKUP(B6,Area!$E$2:$F$896,2,FALSE) -> 39.092 | K6: =IF(I6<1500,1,0) -> 0 | L6: =IF(I6<3000,1,0) -> 1 | M6: https://democracy.md/sase-localitati-din-hancesti-se-unesc-intr-o-primarie-mai-mare-investitii-de-41-milioane-de-lei/
A7: 2026-02 | B7: 5337 | C7: 46196 | D7: Lăpușna | E7: Hîncești | F7: PAS | G7: PAS | H7: 41 | I7: =VLOOKUP(B7,Populations!$C$1:$F$900,4,FALSE) -> 3386 | J7: =VLOOKUP(B7,Area!$E$2:$F$896,2,FALSE) -> 89.077 | K7: =IF(I7<1500,1,0) -> 0 | L7: =IF(I7<3000,1,0) -> 0 | M7: https://democracy.md/sase-localitati-din-hancesti-se-unesc-intr-o-primarie-mai-mare-investitii-de-41-milioane-de-lei/
A8: 2026-02 | B8: 5354 | C8: 46196 | D8: Pașcani | E8: Hîncești | F8: PDCM | G8: PDCM | H8: 41 | I8: =VLOOKUP(B8,Populations!$C$1:$F$900,4,FALSE) -> 1424 | J8: =VLOOKUP(B8,Area!$E$2:$F$896,2,FALSE) -> 27.693 | K8: =IF(I8<1500,1,0) -> 1 | L8: =IF(I8<3000,1,0) -> 1 | M8: https://democracy.md/sase-localitati-din-hancesti-se-unesc-intr-o-primarie-mai-mare-investitii-de-41-milioane-de-lei/
A9: 2026-02 | B9: 5356 | C9: 46196 | D9: Pervomaiscoe | E9: Hîncești | F9: PDCM | G9: PDCM/PSDE | H9: 41 | I9: =VLOOKUP(B9,Populations!$C$1:$F$900,4,FALSE) -> 424 | J9: =VLOOKUP(B9,Area!$E$2:$F$896,2,FALSE) -> 15.191 | K9: =IF(I9<1500,1,0) -> 1 | L9: =IF(I9<3000,1,0) -> 1 | M9: https://democracy.md/sase-localitati-din-hancesti-se-unesc-intr-o-primarie-mai-mare-investitii-de-41-milioane-de-lei/
A10: 2026-02 | B10: 5361 | C10: 46196 | D10: Secăreni | E10: Hîncești | F10: PSDE | G10: PSDE | H10: 41 | I10: =VLOOKUP(B10,Populations!$C$1:$F$900,4,FALSE) -> 960 | J10: =VLOOKUP(B10,Area!$E$2:$F$896,2,FALSE) -> 22.053 | K10: =IF(I10<1500,1,0) -> 1 | L10: =IF(I10<3000,1,0) -> 1 | M10: https://democracy.md/sase-localitati-din-hancesti-se-unesc-intr-o-primarie-mai-mare-investitii-de-41-milioane-de-lei/
A11: 2026-03 | B11: 1742 | C11: 46207 | D11: Zîrnești | E11: Cahul | F11: PDMM | G11: PDMM | H11: 16 | I11: =VLOOKUP(B11,Populations!$C$1:$F$900,4,FALSE) -> 1544 | J11: =VLOOKUP(B11,Area!$E$2:$F$896,2,FALSE) -> 35.608 | K11: =IF(I11<1500,1,0) -> 0 | L11: =IF(I11<3000,1,0) -> 1 | M11: https://radiochisinau.md/amalgamare-voluntara-la-cahul-trei-localitati-se-unesc-intro-singura-primarie-cu-un-stimulent-de-16-milioane-de-lei-din-partea-guvernului---226237.html
A12: 2026-03 | B12: 1713 | C12: 46207 | D12: Baurci-Moldoveni | E12: Cahul | F12: PDMM | G12: PDMM | H12: 16 | I12: =VLOOKUP(B12,Populations!$C$1:$F$900,4,FALSE) -> 1285 | J12: =VLOOKUP(B12,Area!$E$2:$F$896,2,FALSE) -> 39.922 | K12: =IF(I12<1500,1,0) -> 1 | L12: =IF(I12<3000,1,0) -> 1 | M12: https://radiochisinau.md/amalgamare-voluntara-la-cahul-trei-localitati-se-unesc-intro-singura-primarie-cu-un-stimulent-de-16-milioane-de-lei-din-partea-guvernului---226237.html
A13: 2026-03 | B13: 1721 | C13: 46207 | D13: Cucoara | E13: Cahul | F13: Ind. | G13: PLDM/DA | H13: 16 | I13: =VLOOKUP(B13,Populations!$C$1:$F$900,4,FALSE) -> 1086 | J13: =VLOOKUP(B13,Area!$E$2:$F$896,2,FALSE) -> 34.893 | K13: =IF(I13<1500,1,0) -> 1 | L13: =IF(I13<3000,1,0) -> 1 | M13: https://radiochisinau.md/amalgamare-voluntara-la-cahul-trei-localitati-se-unesc-intro-singura-primarie-cu-un-stimulent-de-16-milioane-de-lei-din-partea-guvernului---226237.html
... A53: 2026-16 | B53: 7861 | C53: 46223 | D53: Vădeni | E53: Soroca | F53: PSRM | G53: PSRM | H53: 17 | I53: =VLOOKUP(B53,Populations!$C$1:$F$900,4,FALSE) -> 1194 | J53: =VLOOKUP(B53,Area!$E$2:$F$896,2,FALSE) -> 44.328 | K53: =IF(I53<1500,1,0) -> 1 | L53: =IF(I53<3000,1,0) -> 1 | M53: https://www.facebook.com/share/r/1EMYQxZcAn/

Sheet JSON
A1: Cluster_ID | B1: Cluster_Name | C1: Region_Raion | D1: Designated_Center | E1: Combined_Population | F1: Financial_Stimulus_MDL | G1: km2 | H1: Below_1500 | I1: Below_3000 | J1: Participating_Communities | K1: Mayor_Party | L1: Major_Council_Party | M1: Source
A2: 2026-01 | B2: Anenii Noi-02 | C2: Anenii Noi | D2: Roșcani | E2: =SUMIF(Individual!A:A,JSON!A2,Individual!I:I) -> 3719 | F2: =AVERAGEIF(Individual!A:A,JSON!A2,Individual!H:H) -> 15.3 | G2: =SUMIF(Individual!A:A,JSON!A2,Individual!J:J) -> 59.326 | H2: =SUMIF(Individual!A:A,JSON!A2,Individual!K:K) -> 2 | I2: =SUMIF(Individual!A:A,JSON!A2,Individual!L:L) -> 3 | J2: Roșcani; Telița; Calfa | K2: PAS;Ind. | L2: PAS;PSRM | M2: https://radiomoldova.md/p/78588/trei-localitati-din-raionul-anenii-noi-au-decis-amalgamarea-voluntara
A3: 2026-02 | B3: Hîncești-05 | C3: Hîncești | D3: Lăpușna | E3: =SUMIF(Individual!A:A,JSON!A3,Individual!I:I) -> 8679 | F3: =AVERAGEIF(Individual!A:A,JSON!A3,Individual!H:H) -> 41 | G3: =SUMIF(Individual!A:A,JSON!A3,Individual!J:J) -> 222.944 | H3: =SUMIF(Individual!A:A,JSON!A3,Individual!K:K) -> 4 | I3: =SUMIF(Individual!A:A,JSON!A3,Individual!L:L) -> 5 | J3: Bălceana; Boghiceni; Lăpușna; Pașcani; Pervomaiscoe; Secăreni | K3: PAS; Ind.;PSDE;PDCM | L3: PAS;PSDE;PDCM | M3: https://democracy.md/sase-localitati-din-hancesti-se-unesc-intr-o-primarie-mai-mare-investitii-de-41-milioane-de-lei/
A4: 2026-03 | B4: Cahul-06 | C4: Cahul | D4: Zîrnești | E4: =SUMIF(Individual!A:A,JSON!A4,Individual!I:I) -> 3915 | F4: =AVERAGEIF(Individual!A:A,JSON!A4,Individual!H:H) -> 16 | G4: =SUMIF(Individual!A:A,JSON!A4,Individual!J:J) -> 110.423 | H4: =SUMIF(Individual!A:A,JSON!A4,Individual!K:K) -> 2 | I4: =SUMIF(Individual!A:A,JSON!A4,Individual!L:L) -> 3 | J4: Zîrnești; Baurci-Moldoveni; Cucoara | K4: PDMM;Ind. | L4: PDMM;PLDM;DA | M4: https://radiochisinau.md/amalgamare-voluntara-la-cahul-trei-localitati-se-unesc-intro-singura-primarie-cu-un-stimulent-de-16-milioane-de-lei-din-partea-guvernului---226237.html
A5: 2026-04 | B5: Anenii Noi-04 | C5: Anenii Noi | D5: Geamăna | E5: =SUMIF(Individual!A:A,JSON!A5,Individual!I:I) -> 3234 | F5: =AVERAGEIF(Individual!A:A,JSON!A5,Individual!H:H) -> 13 | G5: =SUMIF(Individual!A:A,JSON!A5,Individual!J:J) -> 111.693 | H5: =SUMIF(Individual!A:A,JSON!A5,Individual!K:K) -> 2 | I5: =SUMIF(Individual!A:A,JSON!A5,Individual!L:L) -> 3 | J5: Geamăna; Zolotievca; Ochiul Roș | K5: PAS;PSRM | L5: PAS;PSRM | M5: https://radiochisinau.md/inca-trei-localitati-din-anenii-noi-se-amalgameaza-voluntar-guvernul-va-investi-13-milioane-de-lei---225535.html
A6: 2026-05 | B6: Florești/Șoldănești-01 | C6: Florești/Șoldănești | E6: =SUMIF(Individual!A:A,JSON!A6,Individual!I:I) -> 5592 | F6: =AVERAGEIF(Individual!A:A,JSON!A6,Individual!H:H) -> 25.9 | G6: =SUMIF(Individual!A:A,JSON!A6,Individual!J:J) -> 102.273 | H6: =SUMIF(Individual!A:A,JSON!A6,Individual!K:K) -> 4 | I6: =SUMIF(Individual!A:A,JSON!A6,Individual!L:L) -> 5 | J6: Orașul Ghindești; Domulgeni; Rogojeni; Roșietici; Ghindești | K6: Respect;PDCM;PSDE;PSRM | L6: Respect;PDCM;PSDE;PSRM | M6: https://radiochisinau.md/cinci-localitati-din-floresti-si-soldanesti-au-decis-sa-se-uneasca-intro-singura-primarie-circa-26-de-milioane-de-lei-oferite-de-guvern-pentru-dezvoltare---226071.html
A7: 2026-06 | B7: Ialoveni-05 | C7: Ialoveni | D7: Ialoveni | E7: =SUMIF(Individual!A:A,JSON!A7,Individual!I:I) -> 16103 | F7: =AVERAGEIF(Individual!A:A,JSON!A7,Individual!H:H) -> 54.6 | G7: =SUMIF(Individual!A:A,JSON!A7,Individual!J:J) -> 40.563 | H7: =SUMIF(Individual!A:A,JSON!A7,Individual!K:K) -> 1 | I7: =SUMIF(Individual!A:A,JSON!A7,Individual!L:L) -> 1 | J7: Orașul Ialoveni; Sociteni | K7: PAS | L7: PAS | M7: https://www.facebook.com/photo/?fbid=1010403035289948&set=pb.100089607821243.-2207520000
A8: 2026-07 | B8: Drochia-06 | C8: Drochia | D8: Sofia | E8: =SUMIF(Individual!A:A,JSON!A8,Individual!I:I) -> 3686 | F8: =AVERAGEIF(Individual!A:A,JSON!A8,Individual!H:H) -> 14.8 | G8: =SUMIF(Individual!A:A,JSON!A8,Individual!J:J) -> 78.556 | H8: =SUMIF(Individual!A:A,JSON!A8,Individual!K:K) -> 1 | I8: =SUMIF(Individual!A:A,JSON!A8,Individual!L:L) -> 2 | J8: Sofia; Miciurin | K8: PAS; Ind. | L8: PAS;Renaștere | M8: https://actelocale.gov.md/ral/act/cu-privire-la-amalgamarea-voluntară-a-unităților-administrativ-teritoriale-sofia-miciurin-2291823.html
A9: 2026-08 | B9: Florești-03 | C9: Florești | D9: Gura Camencii | E9: =SUMIF(Individual!A:A,JSON!A9,Individual!I:I) -> 4372 | F9: =AVERAGEIF(Individual!A:A,JSON!A9,Individual!H:H) -> 18.5 | G9: =SUMIF(Individual!A:A,JSON!A9,Individual!J:J) -> 117.415 | H9: =SUMIF(Individual!A:A,JSON!A9,Individual!K:K) -> 3 | I9: =SUMIF(Individual!A:A,JSON!A9,Individual!L:L) -> 4 | J9: Cernița; Ciripcău; Coșernița; Gura Camencii | K9: PAS;Ind. | L9: PAS;PSRM;PDCM | M9: https://www.facebook.com/AlexeiBuzuGov/posts/pfbid02wEwg3kfaekDgBR8p9q8vPi7v999iajdB4zEKmbwQshxnoE6AQD9EzdRLoh8pb4gQl
A10: 2026-09 | B10: Basarabeasca-01 | C10: Basarabeasca | D10: Abaclia | E10: =SUMIF(Individual!A:A,JSON!A10,Individual!I:I) -> 3290 | F10: =AVERAGEIF(Individual!A:A,JSON!A10,Individual!H:H) -> 13.2 | G10: =SUMIF(Individual!A:A,JSON!A10,Individual!J:J) -> 88.055 | H10: =SUMIF(Individual!A:A,JSON!A10,Individual!K:K) -> 1 | I10: =SUMIF(Individual!A:A,JSON!A10,Individual!L:L) -> 2 | J10: Abaclia; Iordanovca | K10: PLDM;PAS | L10: PLDM;PAS | M10: https://www.facebook.com/AlexeiBuzuGov/posts/pfbid02TZLVVNC7boN2XvUjx6R9hXS2nTo3ue6e6JW92zN2ABe4KFNSwLxhvTv797uQT59xl
A11: 2026-10 | B11: Soroca-01 | C11: Soroca | D11: Rublenița | E11: =SUMIF(Individual!A:A,JSON!A11,Individual!I:I) -> 4513 | F11: =AVERAGEIF(Individual!A:A,JSON!A11,Individual!H:H) -> 19.3 | G11: =SUMIF(Individual!A:A,JSON!A11,Individual!J:J) -> 91.861 | H11: =SUMIF(Individual!A:A,JSON!A11,Individual!K:K) -> 3 | I11: =SUMIF(Individual!A:A,JSON!A11,Individual!L:L) -> 4 | J11: Rublenița; Băxani; Șolcani; Șeptelici | K11: PAS;Ind.;PSRM | L11: PSDE;PAS;PSRM | M11: https://unika.md/news/patru-localitati-din-soroca-se-unesc-intr-o-singura-primarie-vor-primi-aproape-20-de-milioane
A12: 2026-11 | B12: Basarabeasca-02 | C12: Basarabeasca | D12: Sadaclia | E12: =SUMIF(Individual!A:A,JSON!A12,Individual!I:I) -> 3394 | F12: =AVERAGEIF(Individual!A:A,JSON!A12,Individual!H:H) -> 13.6 | G12: =SUMIF(Individual!A:A,JSON!A12,Individual!J:J) -> 74.16 | H12: =SUMIF(Individual!A:A,JSON!A12,Individual!K:K) -> 1 | I12: =SUMIF(Individual!A:A,JSON!A12,Individual!L:L) -> 2 | J12: Sadaclia; Carabetovca | K12: PAS | L12: PAS | M12: https://www.moldpres.md/rom/politica/grupuri-de-primarii-amalgamate-au-fost-create-in-toate-regiunile-tarii-investitii-de-366-de-milioane-de-lei-planificate-de-guvern-pentru-modernizarea-localitatilor
A13: 2026-12 | B13: Leova-05 | C13: Leova | D13: Filipeni | E13: =SUMIF(Individual!A:A,JSON!A13,Individual!I:I) -> 3986 | F13: =AVERAGEIF(Individual!A:A,JSON!A13,Individual!H:H) -> 16.9 | G13: =SUMIF(Individual!A:A,JSON!A13,Individual!J:J) -> 123.825 | H13: =SUMIF(Individual!A:A,JSON!A13,Individual!K:K) -> 3 | I13: =SUMIF(Individual!A:A,JSON!A13,Individual!L:L) -> 4 | J13: Cupcui; Filipeni; Romanovca; Sărata Noua | K13: PAS;PSRM | L13: PAS;PSRM | M13: https://www.moldpres.md/rom/politica/grupuri-de-primarii-amalgamate-au-fost-create-in-toate-regiunile-tarii-investitii-de-366-de-milioane-de-lei-planificate-de-guvern-pentru-modernizarea-localitatilor
A14: 2026-13 | B14: Soroca/Dondușeni-01 | C14: Soroca/Dondușeni | D14: Visoca | E14: =SUMIF(Individual!A:A,JSON!A14,Individual!I:I) -> 4157 | F14: =AVERAGEIF(Individual!A:A,JSON!A14,Individual!H:H) -> 18.4 | G14: =SUMIF(Individual!A:A,JSON!A14,Individual!J:J) -> 145.796 | H14: =SUMIF(Individual!A:A,JSON!A14,Individual!K:K) -> 5 | I14: =SUMIF(Individual!A:A,JSON!A14,Individual!L:L) -> 5 | J14: Dărcăuți; Teleșeuca; Crișcuți; Visoca; Rudi | K14: PAS;PSRM;DA | L14: PAS;PSRM;DA | M14: https://www.moldpres.md/rom/politica/grupuri-de-primarii-amalgamate-au-fost-create-in-toate-regiunile-tarii-investitii-de-366-de-milioane-de-lei-planificate-de-guvern-pentru-modernizarea-localitatilor
A15: 2026-14 | B15: Ialoveni-01 | C15: Ialoveni | D15: Costești | E15: =SUMIF(Individual!A:A,JSON!A15,Individual!I:I) -> 9261 | F15: =AVERAGEIF(Individual!A:A,JSON!A15,Individual!H:H) -> 36 | G15: =SUMIF(Individual!A:A,JSON!A15,Individual!J:J) -> 76.307 | H15: =SUMIF(Individual!A:A,JSON!A15,Individual!K:K) -> 1 | I15: =SUMIF(Individual!A:A,JSON!A15,Individual!L:L) -> 1 | J15: Costești; Hansca | K15: PAS;PSDE | L15: PAS;PSDE | M15: https://www.moldpres.md/rom/politica/grupuri-de-primarii-amalgamate-au-fost-create-in-toate-regiunile-tarii-investitii-de-366-de-milioane-de-lei-planificate-de-guvern-pentru-modernizarea-localitatilor
A16: 2026-15 | B16: Hîncești-06 | C16: Hîncești | D16: Mingir | E16: =SUMIF(Individual!A:A,JSON!A16,Individual!I:I) -> 4366 | F16: =AVERAGEIF(Individual!A:A,JSON!A16,Individual!H:H) -> 17.4 | G16: =SUMIF(Individual!A:A,JSON!A16,Individual!J:J) -> 103.821 | H16: =SUMIF(Individual!A:A,JSON!A16,Individual!K:K) -> 1 | I16: =SUMIF(Individual!A:A,JSON!A16,Individual!L:L) -> 2 | J16: Mingir; Voinescu | K16: PAS | L16: PAS;PSDE | M16: https://www.facebook.com/share/r/1EMYQxZcAn/
A17: 2026-16 | B17: Soroca-03 | C17: Soroca | D17: Căinarii Vechi | E17: =SUMIF(Individual!A:A,JSON!A17,Individual!I:I) -> 4113 | F17: =AVERAGEIF(Individual!A:A,JSON!A17,Individual!H:H) -> 17 | G17: =SUMIF(Individual!A:A,JSON!A17,Individual!J:J) -> 141.67 | H17: =SUMIF(Individual!A:A,JSON!A17,Individual!K:K) -> 2 | I17: =SUMIF(Individual!A:A,JSON!A17,Individual!L:L) -> 3 | J17: Bulboci; Căinarii Vechi; Vădeni | K17: PAS;PSRM | L17: PAS;PSRM | M17: https://www.facebook.com/share/r/1EMYQxZcAn/

Sheet Populations
A1: Raion_Name | B1: LPA_Name | C1: Cuatm | D1: Population (2024 Census) | E1: Percentage change 2024-2014 | F1: Pop_2024 | G1: In Cluster
A2: mun. Chișinău | B2: Consiliul Municipal Chișinău | C2: 0100 | D2: 5. > 10K | E2: 0.67228876 | F2: 567038 | G2: =IFERROR(VLOOKUP(C2,Individual!$B$2:$B$48,1,FALSE),FALSE) -> FALSE
A3: mun. Bălți | B3: Consiliul Municipal Bălți | C3: 0300 | D3: 5. > 10K | E3: -0.071234555 | F3: 90954 | G3: =IFERROR(VLOOKUP(C3,Individual!$B$2:$B$48,1,FALSE),FALSE) -> FALSE
A4: Ungheni | B4: Ungheni | C4: 9201 | D4: 5. > 10K | E4: -0.14111804 | F4: 26457 | G4: =IFERROR(VLOOKUP(C4,Individual!$B$2:$B$48,1,FALSE),FALSE) -> FALSE
A5: mun. Chișinău | B5: Durlești | C5: 0121 | D5: 5. > 10K | E5: 0.52864614 | F5: 26308 | G5: =IFERROR(VLOOKUP(C5,Individual!$B$2:$B$48,1,FALSE),FALSE) -> FALSE
A6: Cahul | B6: Cahul | C6: 1701 | D6: 5. > 10K | E6: -0.25967753 | F6: 22223 | G6: =IFERROR(VLOOKUP(C6,Individual!$B$2:$B$48,1,FALSE),FALSE) -> FALSE
A7: Orhei | B7: Orhei | C7: 6401 | D7: 5. > 10K | E7: 0.053073819 | F7: 22183 | G7: =IFERROR(VLOOKUP(C7,Individual!$B$2:$B$48,1,FALSE),FALSE) -> FALSE
A8: Soroca | B8: Soroca | C8: 7801 | D8: 5. > 10K | E8: -0.047801406 | F8: 21135 | G8: =IFERROR(VLOOKUP(C8,Individual!$B$2:$B$48,1,FALSE),FALSE) -> FALSE
A9: UTA Găgăuzia | B9: municipiul Comrat | C9: 9601 | D9: 5. > 10K | E9: -0.049371054 | F9: 19120 | G9: =IFERROR(VLOOKUP(C9,Individual!$B$2:$B$48,1,FALSE),FALSE) -> FALSE
A10: mun. Chișinău | B10: Codru | C10: 0131 | D10: 5. > 10K | E10: 0.1491151 | F10: 18310 | G10: =IFERROR(VLOOKUP(C10,Individual!$B$2:$B$48,1,FALSE),FALSE) -> FALSE
A11: Ialoveni | B11: Ialoveni | C11: 5501 | D11: 5. > 10K | E11: 0.17179385 | F11: 14665 | G11: =IFERROR(VLOOKUP(C11,Individual!$B$2:$B$48,1,FALSE),FALSE) -> 5501
A12: Strășeni | B12: Bucovăț | C12: 8002 | D12: 1. < 1500 | E12: -0.33541537 | F12: 1064 | G12: =IFERROR(VLOOKUP(C12,Individual!$B$2:$B$48,1,FALSE),FALSE) -> FALSE
A13: UTA Găgăuzia | B13: municipiul Ceadir-Lunga | C13: 9602 | D13: 5. > 10K | E13: -0.13971695 | F13: 14285 | G13: =IFERROR(VLOOKUP(C13,Individual!$B$2:$B$48,1,FALSE),FALSE) -> FALSE
... A35: Ialoveni | B35: Costești | C35: 5515 | D35: 4. 5K - 10K | E35: -0.22737691 | F35: 8427 | G35: =IFERROR(VLOOKUP(C35,Individual!$B$2:$B$48,1,FALSE),FALSE) -> 5515
A36: Leova | B36: Leova (Merged) | C36: 9999 | D36: 4. 5K - 10K | F36: 8344 | G36: =IFERROR(VLOOKUP(C36,Individual!$B$2:$B$48,1,FALSE),FALSE) -> FALSE
A37: UTA Găgăuzia | B37: Congaz | C37: 9622 | D37: 4. 5K - 10K | E37: -0.25658545 | F37: 8269 | G37: =IFERROR(VLOOKUP(C37,Individual!$B$2:$B$48,1,FALSE),FALSE) -> FALSE
A38: mun. Chișinău | B38: Grătiești | C38: 0155 | D38: 4. 5K - 10K | E38: 0.18049491 | F38: 7299 | G38: =IFERROR(VLOOKUP(C38,Individual!$B$2:$B$48,1,FALSE),FALSE) -> FALSE
A39: Glodeni | B39: Glodeni | C39: 4801 | D39: 4. 5K - 10K | E39: -0.1604426 | F39: 7284 | G39: =IFERROR(VLOOKUP(C39,Individual!$B$2:$B$48,1,FALSE),FALSE) -> FALSE
A40: mun. Chișinău | B40: Ciorescu | C40: 0152 | D40: 4. 5K - 10K | E40: 0.12632109 | F40: 6714 | G40: =IFERROR(VLOOKUP(C40,Individual!$B$2:$B$48,1,FALSE),FALSE) -> FALSE
A41: UTA Găgăuzia | B41: Copceac | C41: 9626 | D41: 4. 5K - 10K | E41: -0.2959072 | F41: 6434 | G41: =IFERROR(VLOOKUP(C41,Individual!$B$2:$B$48,1,FALSE),FALSE) -> FALSE
A42: Leova | B42: Leova | C42: 5701 | D42: 4. 5K - 10K | E42: -0.14093779 | F42: 6394 | G42: =IFERROR(VLOOKUP(C42,Individual!$B$2:$B$48,1,FALSE),FALSE) -> FALSE
A43: Basarabeasca | B43: Basarabeasca | C43: 1201 | D43: 4. 5K - 10K | E43: -0.2573486 | F43: 6291 | G43: =IFERROR(VLOOKUP(C43,Individual!$B$2:$B$48,1,FALSE),FALSE) -> FALSE
A44: Orhei | B44: Peresecina | C44: 6453 | D44: 4. 5K - 10K | E44: -0.22262027 | F44: 6076 | G44: =IFERROR(VLOOKUP(C44,Individual!$B$2:$B$48,1,FALSE),FALSE) -> FALSE
A45: Dondușeni | B45: Orașul Dondușeni | C45: 3401 | D45: 4. 5K - 10K | E45: -0.15687931 | F45: 5987 | G45: =IFERROR(VLOOKUP(C45,Individual!$B$2:$B$48,1,FALSE),FALSE) -> FALSE
A46: Criuleni | B46: Criuleni | C46: 3101 | D46: 4. 5K - 10K | E46: -0.12880143 | F46: 5844 | G46: =IFERROR(VLOOKUP(C46,Individual!$B$2:$B$48,1,FALSE),FALSE) -> FALSE
A47: Briceni | B47: Briceni | C47: 1401 | D47: 4. 5K - 10K | E47: -0.20905113 | F47: 5785 | G47: =IFERROR(VLOOKUP(C47,Individual!$B$2:$B$48,1,FALSE),FALSE) -> FALSE
A48: Telenești | B48: Telenești | C48: 8901 | D48: 4. 5K - 10K | E48: -0.21544209 | F48: 5670 | G48: =IFERROR(VLOOKUP(C48,Individual!$B$2:$B$48,1,FALSE),FALSE) -> FALSE
... A101: Sîngerei | B101: Sîngereii Noi | C101: 7469 | D101: 3. 3K - 5K | E101: -0.36880125 | F101: 3233 | G101: =IFERROR(VLOOKUP(C101,Individual!$B$2:$B$48,1,FALSE),FALSE) -> FALSE
A102: Fălești | B102: Călinești (Merged) | C102: 9998 | D102: 3. 3K - 5K | F102: 3219 | G102: =IFERROR(VLOOKUP(C102,Individual!$B$2:$B$48,1,FALSE),FALSE) -> FALSE
A103: Nisporeni | B103: Vărzăreşti | C103: 6052 | D103: 3. 3K - 5K | E103: -0.38153075 | F103: 3208 | G103: =IFERROR(VLOOKUP(C103,Individual!$B$2:$B$48,1,FALSE),FALSE) -> FALSE
A104: Ungheni | B104: Petrești | C104: 9259 | D104: 3. 3K - 5K | E104: -0.21234074 | F104: 3153 | G104: =IFERROR(VLOOKUP(C104,Individual!$B$2:$B$48,1,FALSE),FALSE) -> FALSE
A105: Ungheni | B105: Măcărești | C105: 9244 | D105: 3. 3K - 5K | E105: -0.2495229 | F105: 3146 | G105: =IFERROR(VLOOKUP(C105,Individual!$B$2:$B$48,1,FALSE),FALSE) -> FALSE
A106: Ialoveni | B106: Mileștii Mici | C106: 5521 | D106: 3. 3K - 5K | E106: -0.3688871 | F106: 3136 | G106: =IFERROR(VLOOKUP(C106,Individual!$B$2:$B$48,1,FALSE),FALSE) -> FALSE
A107: Căușeni | B107: Sălcuța | C107: 2721 | D107: 3. 3K - 5K | E107: -0.28348624 | F107: 3124 | G107: =IFERROR(VLOOKUP(C107,Individual!$B$2:$B$48,1,FALSE),FALSE) -> FALSE
A108: Ialoveni | B108: Ţipala | C108: 5531 | D108: 3. 3K - 5K | E108: -0.27266355 | F108: 3113 | G108: =IFERROR(VLOOKUP(C108,Individual!$B$2:$B$48,1,FALSE),FALSE) -> FALSE
A109: Anenii Noi | B109: Chetrosu | C109: 1017 | D109: 3. 3K - 5K | E109: -0.20655822 | F109: 3073 | G109: =IFERROR(VLOOKUP(C109,Individual!$B$2:$B$48,1,FALSE),FALSE) -> FALSE
A110: Strășeni | B110: Cojuşna | C110: 8015 | D110: 4. 5K - 10K | E110: -0.16199776 | F110: 5235 | G110: =IFERROR(VLOOKUP(C110,Individual!$B$2:$B$48,1,FALSE),FALSE) -> FALSE
A111: Dubăsari | B111: Cocieri | C111: 3810 | D111: 3. 3K - 5K | E111: -0.21029601 | F111: 3068 | G111: =IFERROR(VLOOKUP(C111,Individual!$B$2:$B$48,1,FALSE),FALSE) -> FALSE
A112: Căușeni | B112: Zaim | C112: 2731 | D112: 3. 3K - 5K | E112: -0.28404578 | F112: 3065 | G112: =IFERROR(VLOOKUP(C112,Individual!$B$2:$B$48,1,FALSE),FALSE) -> FALSE
A113: Anenii Noi | B113: Floreni | C113: 1027 | D113: 3. 3K - 5K | E113: -0.23005286 | F113: 3059 | G113: =IFERROR(VLOOKUP(C113,Individual!$B$2:$B$48,1,FALSE),FALSE) -> FALSE
A114: Cahul | B114: Colibași | C114: 9416 | D114: 3. 3K - 5K | E114: -0.43231685 | F114: 3053 | G114: =IFERROR(VLOOKUP(C114,Individual!$B$2:$B$48,1,FALSE),FALSE) -> FALSE
... A900: Taraclia | B900: Salcia | C900: 8726 | D900: 1. < 1500 | E900: -0.37883959 | F900: 182 | G900: =IFERROR(VLOOKUP(C900,Individual!$B$2:$B$48,1,FALSE),FALSE) -> FALSE

Sheet Area
A1: wkt_geom | B1: gfullname | C1: name | D1: cuatm | E1: Cuatm-text | F1: area_km2
A2: MultiPolygon (((191199.47219999998924322 156127.12040000001434237, 191200.75979999999981374 156092.57620000001043081, 191200.75979999999981374 156029.280399999988731, 191199.99640000000363216 155919.7021999999997206, 191199.57660000000032596 155840.9165999999968335, 191195.80400000000372529 155671.90200000000186265, 191198.00760000001173466 155534.51060000000870787, 191193.87599999998928979 155258.46059999999124557, 191196.85060000000521541 155211.96559999999590218, 191200.29360000000451691 155189.9023999999917578, 191198.52559999999357387 155045.39780000000610016, 191193.80559999999240972 154923.09799999999813735, 191190.3720000000030268 154800.79819999999017455, 191188.22640000001410954 154681.07320000001345761, 191186.51039999999920838 154461.36259999999310821, 191182.64799999998649582 154291.85939999998663552, 191183.50640000001294538 154076.86919999998644926, 191230.63860000000568107 154054.89000000001396984, 191288.43780000001424924 153993.68020000000251457, 191583.87739999999757856 153990.61559999999008141, 191861.04019999998854473 153990.58480000001145527, 192017.29099999999743886 153994.47779999999329448, 192531.80819999999948777 154017.65040000001317821, 192579.01139999998849817 154023.22899999999208376, 192629.21859999999287538 154036.10260000001289882, 192701.48379999998724088 154048.21179999999003485, 192741.1780000000144355 154068.92019999999320135, 192873.56140000000596046 154137.98459999999613501, 192927.25560000000405125 154296.70240000000922009, 193095.5530000000144355 154245.181799999991199, 193114.29680000001098961 153589.76560000001336448, 193127.99460000000544824 153518.12059999999473803, 193145.23459999999613501 153480.90260000000125729, 193168.62179999999352731 153430.69539999999688007, 193194.5834000000031665 153377.91339999999036081, 193228.05499999999301508 153326.20420000000740401, 193228.91339999999036081 153319.12380000000121072, 193237.28099999998812564 153283.93559999999706633, 193248.65299999999115244 153247.24580000000423752, 193278.23759999999310821 153177.84419999999227002, 193303.61360000001150183 153088.58100000000558794, 193304.67339999999967404 153084.85320000001229346, 193308.5273999999917578 153071.29699999999138527, 193317.29879999998956919 152993.43859999999403954, 193338.22159999998984858 152805.02700000000186265, 193344.16479999999864958 152733.16000000000349246, 193355.27540000001317821 152663.5620000000053551, 193379.59280000001308508 152561.89100000000325963, 193380.05999999999767169 152560.48600000000442378, 193381.25119999999878928 152556.90400000000954606, 193465.75159999998868443 152302.78520000001299195, 193474.69680000000516884 152272.24299999998765998, 193501.38879999998607673 152181.72860000000218861, 193536.1454000000085216 152063.57139999998616986, 193563.05119999998714775 151967.73360000000684522, 193574.41719999999622814 151934.0620000000053551, 193244.2114000000001397 151856.16180000000167638, 193213.56560000000172295 151848.7417999999888707, 193210.15580000000772998 151846.66320000000996515, 193114.22459999998682179 151821.46419999998761341, 192905.10300000000279397 151763.89519999999902211, 192829.95040000000153668 151728.16320000000996515, 192545.55059999998775311 151543.40340000001015142, 192386.34520000001066364 151441.97599999999511056, 192345.33139999999548309 151411.61100000000442378, 191860.82560000001103617 150942.78740000000107102, 191860.75839999999152496 150926.03219999998691492, 191900.02319999999599531 150800.51420000000507571, 191959.24199999999837019 150603.97620000000461005, 192007.30360000001383014 150460.4347999999881722, 192065.87880000000586733 150265.82779999999911524, 192104.07079999998677522 150145.24460000000544824, 192142.04800000000977889 150025.09039999998640269, 192173.58859999998821877 149930.25440000000526197, 192217.14459999999962747 149781.77799999999115244, 192230.2325999999884516 149729.85440000001108274, 192257.91099999999278225 149645.31719999999040738, 192295.88819999998668209 149523.66120000000228174, 192328.93059999999240972 149409.3000000000174623, 192353.39060000001336448 149329.69779999999445863, 192398.87779999998747371 149190.23319999998784624, 192448.65580000000772998 149038.10940000001573935, 192487.92040000000270084 148928.03959999998915009, 192523.10839999999734573 148823.76300000000628643, 192572.88680000000749715 148649.53919999999925494, 192608.93280000000959262 148528.95600000000558794, 192655.92199999999138527 148387.77480000001378357, 192670.81779999998980202 148337.63939999998547137, 192687.58540000001084991 148284.43059999999240972, 192702.11699999999837019 148240.38819999998668209, 192727.44719999999506399 148164.37059999999473803, 192745.04199999998672865 148112.50860000000102445, 192643.69200000001001172 148096.61540000000968575, 192520.96239999998942949 148074.51560000001336448, 192441.57519999999203719 148062.71479999998700805, 192376.77799999999115244 148054.34700000000884756, 192311.76620000001275912 148047.26639999999315478, 192268.63899999999557622 148047.26639999999315478, 192216.71539999998640269 148049.84119999999529682, 192157.06739999999990687 148058.20900000000256114, 192051.50359999999636784 148067.0059999999939464, 191959.02760000000125729 148057.3508000000147149, 191937.1424000000115484 148046.62280000001192093, 191928.68040000001201406 148033.10800000000745058, 191927.27239999998710118 148017.22800000000279397, 191953.44880000001285225 147907.58720000000903383, 191965.68280000000959262 147862.81440000000293367, 191972.72640000001410954 147835.43319999999948777, 191956.21379999999771826 147825.73079999999026768, 191921.75620000000344589 147833.04079999998793937, 191868.97419999999692664 147844.41260000001057051, 191807.82360000000335276 147849.99119999998947605, 191758.90400000000954606 147858.35899999999674037, 191660.20600000000558794 147872.9492000000027474, 191610.85699999998905696 147880.67339999999967404, 191598.19779999999445863 147877.24040000000968575, 191588.97219999998924322 147868.44339999998919666, 191576.09779999998863786 147861.79199999998672865, 191563.65380000000004657 147862.22119999999995343, 191534.04420000000391155 147874.45120000001043081, 191510.87179999999352731 147878.098599999997532, 191490.91740000000572763 147878.098599999997532, 191462.38060000000405125 147884.10620000000926666, 191419.46859999999287538 147887.53919999999925494, 191379.56020000000717118 147888.18299999998998828, 191366.47179999999934807 147887.96840000001247972, 191357.67499999998835847 147889.04120000000693835, 191349.73620000001392327 147891.6157999999995809, 191343.51379999998607673 147894.6197999999858439, 191334.50219999998807907 147898.91099999999278225, 191324.84700000000884756 147902.77299999998649582, 191313.9046000000089407 147905.56239999999525025, 191293.73579999999492429 147908.13699999998789281, 191260.26439999998547137 147912.42840000000433065, 191222.07240000000456348 147916.719600000011269, 191118.86840000000665896 147928.73499999998603016, 191049.77999999999883585 147937.10279999999329448, 190985.62619999999878928 147943.96880000000237487, 190983.69519999998738058 147943.21799999999348074, 190980.69120000000111759 147928.8423999999940861, 190968.47640000001410954 147835.00760000001173466, 190950.0089999999909196 147663.64459999999962747, 190935.41860000000451691 147545.85060000000521541, 190922.97419999999692664 147417.75779999999213032, 190918.03940000000875443 147371.41260000001057051, 190907.52580000000307336 147277.86400000000139698, 190891.86259999999310821 147129.38759999998728745, 190887.78620000000228174 147080.46780000001308508, 190877.48699999999371357 146998.07639999999082647, 190875.77059999998891726 146977.47839999999268912, 190875.34140000000479631 146965.67759999999543652, 190871.90859999999520369 146951.51660000000265427, 190867.18820000000414439 146934.56620000000111759, 190865.47179999999934807 146924.05280000000493601, 190865.68619999999646097 146912.89559999998891726, 190867.18820000000414439 146901.09479999999166466, 190867.61739999998826534 146891.22500000000582077, 190864.61340000000200234 146865.69219999999040738, 190853.02720000001136214 146756.90979999999399297, 190842.94279999998980202 146645.76699999999254942, 190839.51000000000931323 146611.22279999998863786, 190834.36040000000502914 146575.17639999999664724, 190825.99280000000726432 146506.94599999999627471, 190821.48680000001331791 146457.38240000000223517, 190815.9083999999857042 146395.15979999999399297, 190812.47519999998621643 146353.32019999998738058, 190806.06719999999040738 146284.11300000001210719, 190801.77600000001257285 146263.94419999999809079, 190801.47779999999329448 146255.51840000000083819, 190444.91419999999925494 146400.34320000000298023, 190441.35560000000987202 146401.00640000001294538, 190444.71499999999650754 146375.55019999999785796, 190449.79019999998854473 146337.09359999999287538, 190480.60039999999571592 146158.62340000001131557, 190483.01660000000265427 146145.25640000001294538, 190500.12479999999050051 146050.39879999999538995, 190505.56320000000414439 146020.2856000000028871, 190544.94740000000456348 145801.97140000000945292, 190555.39400000000023283 145709.99419999998644926, 190524.12779999998747371 145707.56539999999222346, 190515.98000000001047738 145704.26180000000749715, 190491.94959999999264255 145698.68299999998998828, 190460.19440000000759028 145696.9666000000142958, 190413.84880000000703149 145694.39180000001215376, 190373.94080000001122244 145693.53340000001480803, 190348.19380000000819564 145697.50279999998747371, 190335.32019999998738058 145698.79039999999804422, 190332.74499999999534339 145692.35360000000218861, 190336.17780000000493601 145635.70920000001206063, 190336.88120000000344589 145449.37340000001131557, 190027.63839999999618158 145407.73819999999250285, 189867.14819999999599531 145384.99460000000544824, 189629.84260000000358559 145355.81419999999343418, 189442.31640000001061708 145334.35819999998784624, 189331.17399999999906868 145318.90979999999399297, 189190.77820000000065193 145305.29699999999138527, 189153.85819999998784624 145305.49040000000968575, 189107.25179999999818392 145298.99340000000665896, 189070.07959999999729916 145293.81159999998635612, 189059.0597999999881722 145389.5597999999881722, 189052.55919999998877756 145422.28239999999641441, 189043.08400000000256114 145459.63240000000223517, 189031.03020000000833534 145490.77880000000004657, 189020.73099999999976717 145504.51060000000870787, 189006.14060000001336448 145516.09700000000884756, 188990.26380000001518056 145523.8212000000057742, 188969.66539999999804422 145528.11240000001271255, 188933.1902000000118278 145529.39980000001378357, 188864.95980000001145527 145525.53760000001057051, 188795.87100000001373701 145517.81340000001364388, 188693.38000000000465661 145503.92360000000917353, 188605.76939999999012798 145494.21179999999003485, 188554.27499999999417923 145491.63699999998789281, 188503.63899999999557622 145491.20780000000377186, 188463.71479999998700805 145491.69380000000819564, 188419.09280000001308508 145494.44820000001345761, 188360.3120000000053551 145498.93200000000069849, 188262.47200000000884756 145510.51840000000083819, 188183.51360000000568107 145521.67559999998775311, 188116.14160000000265427 145525.53760000001057051, 188017.01380000001518056 145524.25020000000949949, 187960.3697999999858439 145517.3842000000004191, 187927.32740000000922009 145510.5181999999913387, 187904.5082000000111293 145510.64420000000973232, 187888.53239999999641441 145513.39860000001499429, 187872.66680000000633299 145523.53479999999399297, 187860.2166000000142958 145534.22200000000884756, 187847.08179999998537824 145547.85180000000400469, 187833.35019999998621643 145566.73319999998784624, 187815.48439999998663552 145601.43020000000251457, 187801.594600000011269 145637.53839999999036081, 187787.00500000000465661 145678.73420000000623986, 187774.1309999999939464 145734.09100000001490116, 187762.97419999999692664 145794.59719999998924322, 187747.39420000000973232 145885.68780000001424924, 187736.79740000001038425 145946.93559999999706633, 187721.77820000000065193 146002.72140000000945292, 187711.69640000001527369 146047.6484000000054948, 187711.03520000001299195 146071.22640000001410954, 187714.34059999999590218 146090.61759999999776483, 187722.8242000000027474 146104.5, 187730.97740000000339933 146112.54300000000512227, 187742.76639999999315478 146121.35719999999855645, 187764.36120000001392327 146130.17139999999199063, 187791.68520000000717118 146140.30760000000009313, 187811.03580000001238659 146150.33960000000661239, 187889.56500000000232831 146210.84580000001005828, 187956.07899999999790452 146273.06839999998919666, 188098.11840000000665896 146408.67079999999259599, 188141.5082000000111293 146442.69239999999990687, 188181.05239999998593703 146471.50080000000889413, 188261.86759999999776483 146528.46259999999892898, 188335.46619999999529682 146577.60180000000400469, 188428.34580000001005828 146627.84260000000358559, 188486.73999999999068677 146655.82779999999911524, 188532.07800000000861473 146671.80340000000433065, 188566.34320000000298023 146681.05840000000898726, 188623.96619999999529682 146689.98279999999795109, 188692.71700000000419095 146699.0174000000115484, 188749.56859999999869615 146711.2470000000030268, 188811.74840000001131557 146731.37080000000423752, 188871.82519999999203719 146755.4016000000119675, 188924.47560000000521541 146784.40479999998933636, 188965.37400000001071021 146812.90400000000954606, 188999.1757999999972526 146847.64660000000731088, 189028.88440000000991859 146881.56359999999403954, 189055.48920000001089647 146924.47599999999511056, 189085.8304000000061933 146987.5719999999855645, 189103.84440000000176951 147034.61759999999776483, 189117.61639999999897555 147074.94260000000940636, 189123.29079999998793937 147115.0059999999939464, 189123.29079999998793937 147142.469600000011269, 189117.78159999998752028 147164.84719999998924322, 189103.55040000000735745 147187.098599999997532, 189087.74559999999473803 147204.87959999998565763, 189059.00239999999757856 147228.32560000001103617, 189033.93619999999646097 147240.75940000000991859, 188989.64480000000912696 147257.28599999999278225, 188958.79500000001280569 147265.21880000000237487, 188913.29180000000633299 147272.27019999999902211, 188863.6015999999945052 147272.93119999999180436, 188805.64819999999599531 147264.99840000001131557, 188772.92540000000735745 147259.26920000000973232, 188712.21760000000358559 147252.65840000001480803, 188628.70300000000861473 147249.13279999999213032, 188491.31140000000596046 147248.69200000001001172, 188363.28500000000349246 147251.99720000001252629, 188279.63659999999799766 147261.76579999999376014, 188201.53580000001238659 147277.21419999998761341, 188170.91479999999864958 147290.33900000000721775, 188156.04939999998896383 147300.38680000000749715, 188140.94640000001527369 147320.5273999999917578, 188134.5560000000114087 147341.0204000000085216, 188130.42439999998896383 147361.84400000001187436, 188132.35240000000339933 147384.32019999998738058, 188139.78940000000875443 147406.02520000000367872, 188156.97700000001350418 147428.72159999998984858, 188188.2674000000115484 147455.82519999999203719, 188251.31500000000232831 147494.35019999998621643, 188423.82079999998677522 147572.45019999999203719, 188535.27160000000731088 147625.82899999999790452, 188549.98399999999674037 147646.2592000000004191, 188555.13279999999213032 147662.5659999999916181, 188552.556799999991199 147682.30559999999240972, 188543.1167999999888707 147701.18679999999585561, 188531.1008000000147149 147714.9188000000140164, 188506.2143999999971129 147732.94200000001001172, 188473.60000000000582077 147748.39040000000386499, 188416.95679999998537824 147767.27160000000731088, 188319.97440000000642613 147799.02679999999236315, 188222.99199999999837019 147838.5059999999939464, 188171.68499999999767169 147871.30400000000372529, 188140.39459999999962747 147896.42439999998896383, 188117.91820000001462176 147921.10420000000158325, 188098.30660000001080334 147951.07240000000456348, 188080.6780000000144355 147998.66899999999441206, 188073.84700000000884756 148042.51959999999962747, 188071.0834000000031665 148101.12859999999636784, 188072.80019999999785796 148156.05640000000130385, 188084.81460000001243316 148260.76199999998789281, 188093.39699999999720603 148331.13819999998668209, 188100.17900000000372529 148359.16940000001341105, 188107.98740000001271255 148380.91620000000693835, 188115.71220000000903383 148398.08139999999548309, 188130.80819999999948777 148424.83499999999185093, 188154.16579999998793937 148448.41300000000046566, 188181.04920000000856817 148474.52499999999417923, 188199.82099999999627471 148501.9287999999942258, 188210.11859999998705462 148531.10899999999674037, 188218.01360000000568107 148581.28680000000167638, 188216.125 148625.51579999999376014, 188204.11220000000321306 148691.60060000000521541, 188190.37779999998747371 148731.93820000000414439, 188171.49780000001192093 148767.12619999999878928, 188147.4673999999940861 148804.88860000000568107, 188118.28659999999217689 148838.3598000000056345, 188061.64340000000083819 148893.28839999999036081, 187983.54099999999743886 148980.82920000000740401, 187933.76500000001396984 149025.45759999999427237, 187840.54420000000391155 149098.23879999999189749, 187799.87859999999636784 149117.28959999998915009, 187771.55540000001201406 149119.00640000001294538, 187750.58400000000256114 149118.29099999999743886, 187726.0689999999885913 149110.42399999999906868, 187690.8802000000141561 149091.54240000000572763, 187652.25940000000991859 149059.78800000000046566, 187603.3393999999971129 149010.00959999999031425, 187558.76500000001396984 148949.27900000000954606, 187443.70800000001327135 148752.53620000000228174, 187420.53359999999520369 148715.63159999999334104, 187407.87719999998807907 148701.26959999999962747, 187397.36240000001271255 148690.74259999999776483, 187390.35899999999674037 148687.38740000000689179, 187378.68020000000251457 148685.51439999998547137, 187367.11139999999431893 148685.29399999999441206, 187355.76319999998668209 148687.38740000000689179, 187340.71600000001490116 148692.45900000000256114, 187319.26000000000931323 148704.47440000000642613, 187259.79839999999967404 148752.28179999999701977, 187172.50159999998868443 148804.88920000000507571, 187091.82639999999082647 148853.80879999999888241, 187030.03279999998630956 148883.8476000000082422, 186956.22320000000763685 148907.87839999998686835, 186794.87440000000060536 148959.37320000000181608, 186708.02840000001015142 148985.52700000000186265, 186653.26319999998668209 149004.86000000001513399, 186625.8007999999972526 149017.73360000000684522, 186600.05199999999604188 149034.8984000000054948, 186575.98040000000037253 149055.37940000000526197, 186552.62260000000242144 149080.94039999999222346, 186539.89699999999720603 149108.04420000000391155, 186536.54320000001462176 149126.73079999999026768, 186536.8120000000053551 149152.11499999999068677, 186541.76999999998952262 149174.92180000001098961, 186551.99119999998947605 149198.82320000001345761, 186578.59700000000884756 149234.86939999999594875, 186610.35120000000461005 149271.77400000000488944, 186642.96559999999590218 149297.5211999999883119, 186741.66320000000996515 149366.18080000000190921, 186859.2417999999888707 149432.26540000000386499, 186967.38159999999334104 149495.77559999999357387, 187060.93040000001201406 149538.6879999999946449, 187096.11759999999776483 149560.14400000000023283, 187104.70000000001164153 149574.73420000000623986, 187107.27600000001257285 149590.18260000000009313, 187103.8423999999940861 149610.780399999988731, 187097.83280000000377186 149627.08720000000903383, 187078.95240000000922009 149655.40899999998509884, 187042.90599999998812564 149698.32140000001527369, 186987.9795999999914784 149759.25700000001234002, 186942.49160000000847504 149813.32579999999143183, 186885.8483999999880325 149898.29219999999622814, 186854.09200000000419095 149966.95180000000982545, 186840.36079999999492429 150007.28940000000875443, 186830.92079999999259599 150051.91779999999562278, 186827.48720000000321306 150112.85339999999268912, 186828.34479999999166466 150176.36340000000200234, 186830.92079999999259599 150202.96900000001187436, 186843.79440000001341105 150275.9198000000033062, 186854.09200000000419095 150326.55619999999180436, 186873.83280000000377186 150390.06620000000111759, 186893.5719999999855645 150444.13539999999920838, 186919.31919999999809079 150519.66120000000228174, 186950.2166000000142958 150598.6197999999858439, 186983.68719999998575076 150673.28700000001117587, 187002.57039999999688007 150725.63980000000447035, 187014.58319999999366701 150766.83540000001084991, 187012.86799999998765998 150794.29899999999906868, 187007.71919999999227002 150815.75580000001355074, 186990.55439999999362044 150834.63659999999799766, 186957.08240000001387671 150845.79420000000391155, 186914.17019999999320135 150851.80139999999664724, 186863.53359999999520369 150856.09260000000358559, 186796.75659999999334104 150849.17459999999846332, 186695.31620000000111759 150830.3453999999910593, 186624.08379999999306165 150808.88939999998547137, 186558.85740000000805594 150795.15739999999641441, 186528.8189999999885913 150791.72459999998682179, 186505.47599999999511056 150795.79399999999441206, 186495.81359999999403954 150802.42960000000311993, 186478.181799999991199 150811.46419999998761341, 186456.7258000000147149 150838.06979999999748543, 186443.36780000000726432 150860.86160000000381842, 186430.11939999999594875 150894.71379999999771826, 186423.25380000000586733 150923.03580000001238659, 186423.25419999999576248 150976.24720000001252629, 186427.54519999999320135 151028.60000000000582077, 186431.83660000000963919 151104.12559999999939464, 186433.55340000000433065 151196.8159999999916181, 186430.9788000000116881 151295.51399999999557622, 186412.80179999998654239 151436.57159999999566935, 186386.03500000000349246 151575.96059999999124557, 186369.18520000000717118 151617.35540000000037253, 186340.86340000000200234 151665.41639999998733401, 186317.69080000001122244 151702.32180000000516884, 186293.13519999998970889 151715.98519999999552965, 186283.3000000000174623 151717.78200000000651926, 186251.60440000001108274 151717.76980000000912696, 186215.36199999999371357 151705.5976000000082422, 186164.9228000000002794 151663.70100000000093132, 186111.71160000000963919 151605.34020000000600703, 186060.21720000001369044 151526.38180000000284053, 186026.74520000000484288 151457.72219999998924322, 185987.2651999999943655 151365.89000000001396984, 185957.22680000000400469 151273.19959999999264255, 185935.77079999999841675 151240.5864000000001397, 185912.59799999999813735 151223.42139999999199063, 185884.276400000002468 151209.68960000001243316, 185854.23800000001210719 151199.39060000001336448, 185808.75159999998868443 151198.53239999999641441, 185746.09940000000642613 151207.11499999999068677, 185698.03800000000046566 151216.55540000001201406, 185648.26039999999920838 151223.42139999999199063, 185569.30119999998714775 151220.84679999999934807, 185532.39720000000670552 151227.71259999999892898, 185510.94120000000111759 151245.73579999999492429, 185497.20920000001206063 151269.76660000000265427, 185488.62679999999818392 151298.9469999999855645, 185487.76840000000083819 151335.85140000001410954, 185494.6339999999909196 151371.89780000000610016, 185499.78359999999520369 151392.49559999999473803, 185533.17079999999259599 151435.31739999999990687, 185591.75779999999213032 151482.36300000001210719, 185654.26680000001215376 151518.65739999999641441, 185742.66680000000633299 151556.42019999999320135, 185779.57079999998677522 151579.59299999999348074, 185798.45240000000922009 151601.04899999999906868, 185813.04279999999562278 151622.50500000000465661, 185819.90840000001480803 151642.24499999999534339, 185819.90840000001480803 151672.2833999999857042, 185812.18359999998938292 151695.4561999999859836, 185804.46040000001084991 151710.04579999999259599, 185778.71319999999832362 151734.07699999999022111, 185735.80119999998714775 151767.54819999999017455, 185659.41719999999622814 151816.46820000000298023, 185599.34039999998640269 151849.08180000001448207, 185527.24799999999231659 151879.54839999999967404, 185481.76079999998910353 151894.13879999998607673, 185444.85599999999976717 151900.14679999998770654, 185408.25620000000344589 151907.75779999999213032, 185376.08439999999245629 151923.62320000000181608, 185367.87599999998928979 151937.72599999999511056, 185361.10019999998621643 151952.26939999999012798, 185357.57440000001224689 151980.91539999999804422, 185357.3152000000118278 152007.42759999999543652, 185362.03640000001178123 152040.63159999999334104, 185374.26620000001275912 152077.10039999999571592, 185391.67420000000856817 152120.51019999998970889, 185413.95920000001206063 152167.91920000000391155, 185450.8393999999971129 152235.094600000011269, 185477.17180000001098961 152276.08059999998658895, 185520.38180000000284053 152337.85180000000400469, 185571.87659999998868443 152398.78700000001117587, 185624.22940000001108274 152455.43140000000130385, 185661.13339999999152496 152499.20139999999082647, 185722.92699999999604188 152583.30939999999827705, 185764.12299999999231659 152657.1190000000060536, 185781.28779999999096617 152702.60540000000037253, 185794.1606000000028871 152733.50219999998807907, 185807.03419999999459833 152748.95100000000093132, 185825.05819999999948777 152765.25740000000223517, 185843.93979999999282882 152770.40700000000651926, 185860.24540000001434237 152773.83979999998700805, 185888.56859999999869615 152768.6902000000118278, 185926.3301999999966938 152747.23420000000623986, 185984.69180000000051223 152700.03099999998812564, 186061.93340000000898726 152630.51339999999618158, 186165.78140000000712462 152564.42860000001383014, 186240.44860000000335276 152529.24059999999008141, 186303.09979999999632128 152513.79180000000633299, 186339.14459999999962747 152511.2173999999940861, 186369.18619999999646097 152519.79980000000796281, 186384.63260000001173466 152528.38219999999273568, 186394.93340000000898726 152544.68859999999403954, 186402.65499999999883585 152569.57740000000922009, 186407.80700000000069849 152588.45900000000256114, 186410.37979999999515712 152609.91500000000814907, 186410.37979999999515712 152646.81979999999748543, 186409.37160000001313165 152678.10300000000279397, 186399.07320000001345761 152742.90040000001317821, 186377.61720000000786968 152824.00440000000526197, 186350.58199999999487773 152896.9551999999966938, 186283.63880000001518056 153087.91479999999864958, 186239.01039999999920838 153235.10339999999268912, 186208.54279999999562278 153320.49880000000121072, 186161.33960000000661239 153406.75239999999757856, 186143.31659999999101274 153435.93280000000959262, 186120.14379999999073334 153463.82560000001103617, 186060.06659999999101274 153521.75719999999273568, 185967.37580000000889413 153595.99520000000484288, 185865.24499999999534339 153672.80819999999948777, 185791.00700000001234002 153721.72820000001229346, 185766.97620000000461005 153741.89660000000731088, 185756.24820000000181608 153753.48300000000745058, 185749.38219999999273568 153768.93140000000130385, 185745.09100000001490116 153786.95459999999729916, 185742.94539999999688007 153817.42220000000088476, 185746.37820000000647269 153832.87059999999473803, 185754.53179999999701977 153845.3152000000118278, 185809.03020000000833534 153895.52259999999660067, 185875.5438000000140164 153944.87140000000363216, 185900.86220000000321306 153959.46179999999003485, 185932.18780000001424924 153970.18979999999282882, 185954.931799999991199 153972.76459999999497086, 185981.96619999999529682 153971.90619999999762513, 186015.43739999999525025 153964.61100000000442378, 186050.41120000000228174 153954.6339999999909196, 186090.10540000000037253 153941.43859999999403954, 186109.844600000011269 153932.85620000000926666, 186122.71820000000298023 153922.98620000001392327, 186136.87979999999515712 153905.82139999998616986, 186144.35279999999329448 153892.94760000001406297, 186152.32800000000861473 153873.42259999999077991, 186161.76840000000083819 153835.23079999999026768, 186172.33799999998882413 153805.24640000000363216, 186189.66140000001178123 153768.07320000001345761, 186212.83420000001206063 153732.02679999999236315, 186242.01420000000507571 153690.40200000000186265, 186277.6309999999939464 153653.92660000000614673, 186308.09899999998742715 153632.89960000000428408, 186336.42060000001220033 153617.45120000001043081, 186360.02220000000670552 153609.29800000000977889, 186396.06859999999869615 153603.29019999998854473, 186426.96619999999529682 153603.29019999998854473, 186468.16140000001178123 153604.1484000000054948, 186493.67139999999199063 153609.84700000000884756, 186510.52859999999054708 153616.34739999999874271, 186544.24299999998765998 153636.62020000000484288, 186637.45060000001103617 153703.49059999999008141, 186703.10620000000926666 153768.28779999999096617, 186776.27160000000731088 153863.33819999999832362, 186860.80819999999948777 153989.92900000000372529, 186895.56739999999990687 154058.58879999999771826, 186916.59380000000237487 154131.53959999998915009, 186930.75539999999455176 154189.47099999999045394, 186944.05780000000959262 154253.83919999998761341, 186963.36819999999715947 154359.83240000001387671, 186972.8097999999881722 154447.80280000000493601, 186984.8242000000027474 154561.09100000001490116, 186992.38880000001518056 154654.0530000000144355, 186989.41399999998975545 154671.5712000000057742, 186985.44760000001406297 154680.82600000000093132, 186978.50640000001294538 154689.19959999999264255, 186970.35320000001229346 154696.47119999999995343, 186952.77999999999883585 154698.72980000000097789, 186935.20660000000498258 154696.25080000000889413, 186905.67900000000372529 154685.67379999998956919, 186828.33439999999245629 154636.64480000000912696, 186791.75539999999455176 154616.92319999999017455, 186758.7021999999997206 154605.905399999988731, 186734.21700000000419095 154607.86520000000018626, 186703.32019999998738058 154613.01459999999497086, 186672.42420000000856817 154619.45139999999082647, 186643.67259999999077991 154633.61259999999310821, 186625.22060000000055879 154648.20259999998961575, 186609.34299999999348074 154684.67819999999483116, 186604.61859999998705462 154706.55239999998593703, 186602.47700000001350418 154726.73219999999855645, 186600.76060000000870787 154766.64060000001336448, 186603.73699999999371357 154816.95000000001164153, 186611.05939999999827705 154858.9016000000119675, 186636.37779999998747371 154976.05220000000554137, 186657.99900000001071021 155044.7417999999888707, 186682.01780000000144355 155102.91539999999804422, 186717.9106000000028871 155170.0151999999943655, 186758.04060000000754371 155253.77700000000186265, 186767.04500000001280569 155283.09919999999692664, 186770.04660000000149012 155314.73040000000037253, 186762.39199999999254942 155343.15700000000651926, 186747.8483999999880325 155367.3961999999883119, 186721.02019999999902211 155400.17379999998956919, 186693.69599999999627471 155423.75179999999818392, 186653.54259999998612329 155449.37359999999171123, 186623.93299999998998828 155460.95999999999185093, 186602.47700000001350418 155464.3931999999913387, 186582.63680000000749715 155462.97479999999632128, 186561.48279999999795109 155456.36420000001089647, 186548.04120000000693835 155448.65179999999236315, 186536.58259999999427237 155439.17660000000614673, 186526.73699999999371357 155428.77580000000307336, 186510.53219999998691492 155404.08280000000377186, 186496.44860000000335276 155363.6780000000144355, 186491.13819999998668209 155327.66000000000349246, 186491.13800000000628643 155296.72159999998984858, 186496.50640000001294538 155259.49139999999897555, 186511.91759999998612329 155209.90900000001420267, 186526.66719999999622814 155174.08979999998700805, 186532.26459999999497086 155147.07939999998779967, 186531.5719999999855645 155122.02859999999054708, 186528.33960000000661239 155107.02100000000791624, 186522.10560000000987202 155094.55340000000433065, 186511.94659999999566935 155084.62520000000949949, 186499.13260000001173466 155076.54440000001341105, 186480.77720000001136214 155077.81419999999343418, 186467.15499999999883585 155080.93119999999180436, 186438.06380000000353903 155091.78279999998630956, 186414.16719999999622814 155102.51879999999073334, 186387.03820000000996515 155118.79620000001159497, 186348.8660000000090804 155144.6969999999855645, 186301.01879999999073334 155187.50179999999818392, 186258.10599999999976717 155228.69779999999445863, 186196.31320000000414439 155282.76699999999254942, 186155.54579999999259599 155314.09299999999348074, 186098.04339999999501742 155348.4228000000002794, 186050.41159999999217689 155368.59140000000479631, 186002.66200000001117587 155383.4266000000061 | B2: r-nul Leova, or. Leova (Merged) | C2: or. Leova | D2: 9999 | E2: =IF(LEN(D2)=3,"0"&TEXT(D2,0),TEXT(D2,0)) -> 9999 | F2: 103.464
A3: MultiPolygon (((135022.33100000000558794 269466.83480000001145527, 135023.63880000001518056 269438.16300000000046566, 135026.44800000000395812 269418.344600000011269, 135059.40859999999520369 269365.80520000000251457, 135094.3060000000114087 269319.76539999997476116, 135123.54980000000796281 269268.19919999997364357, 135131.67540000000735745 269244.81780000001890585, 135120.10000000000582077 269233.97100000001955777, 135088.10180000000400469 268878.41379999998025596, 135072.54980000000796281 268707.9347999999881722, 135098.0976000000082422 268609.96840000001247972, 135103.65119999999296851 268572.50199999997857958, 135123.35839999999734573 268501.47859999997308478, 135127.79860000000917353 268481.86479999998118728, 135154.05139999999664724 268411.70500000001629815, 135179.84500000000116415 268385.32860000000800937, 135225.26959999999962747 268364.32299999997485429, 135251.15840000001480803 268346.33100000000558794, 135283.35800000000745058 268309.63419999997131526, 135320.1635999999998603 268268.22720000002300367, 135340.41940000001341105 268246.57140000001527369, 135360.51620000001275912 268210.94140000001061708, 135382.61439999999129213 268187.40159999998286366, 135400.61060000001452863 268168.68040000001201406, 135420.42600000000675209 268152.50540000002365559, 135462.21859999999287538 268139.92580000002635643, 135505.95960000000195578 268134.77820000000065193, 135525.44239999999990687 268127.1068000000086613, 135545.61340000000200234 268097.99800000002142042, 135633.6038000000116881 267968.43780000001424924, 134843.86319999999250285 266847.44219999999040738, 134797.33739999998942949 266771.56180000002495944, 134626.07980000000679865 266462.28399999998509884, 134558.63140000001294538 266349.36879999999655411, 134478.05319999999483116 266229.14679999998770654, 134398.24799999999231659 266094.94059999997261912, 134235.38680000000749715 265786.50040000001899898, 134105.3393999999971129 265659.37780000001657754, 134075.99880000000121072 265619.64220000000204891, 133932.64139999999315478 265458.21779999998398125, 133552.07099999999627471 265028.27100000000791624, 133108.3931999999913387 264528.24219999997876585, 133089.57759999998961575 264512.61339999997289851, 132764.96700000000419095 264157.53259999997681007, 132439.49559999999473803 263808.97480000002542511, 132085.81440000000293367 263434.65080000000307336, 131501.3060000000114087 262837.55499999999301508, 131421.77199999999720603 262749.36019999999552965, 131263.29759999999077991 262597.1015999999945052, 131168.8129999999946449 262507.40399999998044223, 131024.97400000000197906 262381.72979999997187406, 130822.82600000000093132 262197.07500000001164153, 130730.3871999999973923 262114.75800000000162981, 130551.32700000000477303 261959.27299999998649582, 130538.91999999999825377 261947.49460000000544824, 130425.32060000000637956 261800.6728000000002794, 130301.29120000000693835 261646.6688000000140164, 130219.43779999999969732 261539.95579999999608845, 130174.60839999999734573 261536.37520000000949949, 130166.3779999999969732 261588.97380000000703149, 130158.32660000000032596 261667.19940000001224689, 130151.69659999999566935 261702.01900000000023283, 130129.74460000000544824 261768.66800000000512227, 130105.20040000000153668 261814.89799999998649582, 130084.0761999999958789 261847.80420000001322478, 130061.42059999999764841 261875.67339999999967404, 130005.92620000000169966 261927.97860000000218861, 129925.47060000000055879 262000.24239999998826534, 129882.06459999999788124 262040.76620000001275912, 129831.03080000000772998 262100.2233999999880325, 129794.9907999999995809 262148.57179999997606501, 129773.29379999999946449 262190.16360000002896413, 129742.93580000000656582 262274.56280000001424924, 129734.8852000000042608 262310.85420000000158325, 129732.10580000000481959 262359.34360000002197921, 129735.84480000000621658 262408.44239999999990687, 129764.07159999999566935 262535.92080000002169982, 129775.74820000000181608 262584.15740000002551824, 129784.47280000000318978 262628.83100000000558794, 129793.34519999999611173 262724.11219999997410923, 129794.90320000000065193 262772.52519999997457489, 129789.86819999999715947 262815.99440000002505258, 129781.98200000000360887 262852.39980000001378357, 129768.49580000000423752 262879.77580000000307336, 129703.89299999999639113 262976.75339999998686835, 129651.00340000000142027 263024.44079999998211861, 129499.25780000000668224 263107.90399999998044223, 129340.67160000000149012 263178.52799999999115244, 129166.20739999999932479 263285.74660000001313165, 129089.41640000000188593 263347.00199999997857958, 128978.71099999999569263 263447.26240000000689179, 128940.00819999999657739 263485.46159999998053536, 128915.82099999999627471 263516.08699999999953434, 128869.39939999999478459 263584.62939999997615814, 128842.74940000000060536 263631.77779999998165295, 128809.56799999999930151 263671.71240000001853332, 128775.19939999999769498 263749.20339999999850988, 128754.88640000000305008 263845.67680000001564622, 128760.77920000000449363 263922.47619999997550622, 128798.63659999999799766 263995.06400000001303852, 128822.92459999999846332 264077.03960000001825392, 128873.44500000000698492 264194.26799999998183921, 128938.11599999999452848 264335.97200000000884756, 128969.64620000000286382 264413.24640000000363216, 128975.7945999999938067 264451.59139999997569248, 128967.49280000000726432 264501.16940000001341105, 128911.21319999999832362 264637.03299999999580905, 128889.9165999999968335 264681.40399999998044223, 128872.3911999999982072 264727.54820000001927838, 128864.90600000000267755 264763.84240000002318993, 128857.58100000000558794 264817.06540000002132729, 128863.64720000000670552 264903.93199999997159466, 128877.44659999999566935 264961.36999999999534339, 128903.32899999999790452 265029.58699999999953434, 128931.81639999999606516 265089.51840000000083819, 128961.85039999999571592 265132.94579999998677522, 129005.76720000000204891 265185.28919999999925494, 129059.71880000000237487 265235.62859999999636784, 129183.91740000000572763 265325.95779999997466803, 129289.65979999999399297 265407.45039999997243285, 129422.50359999999636784 265542.47460000001592562, 129510.99099999999452848 265616.80060000001685694, 129560.53900000000430737 265661.29680000001098961, 129582.68219999999564607 265681.63740000000689179, 129615.98360000000684522 265702.12119999999413267, 129669.63680000000749715 265735.07219999999506399, 129717.04060000000754371 265777.28399999998509884, 129742.35899999999674037 265812.5530000000144355, 129754.86680000000342261 265848.04180000000633299, 129759.15499999999883585 265884.58699999999953434, 129753.40859999999520369 265923.13620000000810251, 129720.36819999999715947 265971.30780000000959262, 129695.23459999999613501 266000.11999999999534339, 129668.03440000000409782 266015.23460000002523884, 129622.40899999999965075 266023.34220000001369044, 129590.36720000000786968 266022.97759999998379499, 129547.15619999999762513 266011.81859999999869615, 129486.12080000000423752 265975.33220000000437722, 129430.51260000000183936 265935.09139999997569248, 129338.02740000000630971 265826.29540000000270084, 129274.53440000000409782 265744.82459999999264255, 129154.06339999999909196 265619.97299999999813735, 129076.20699999999487773 265561.24560000002384186, 128933.62059999999473803 265485.44980000000214204, 128857.51440000000002328 265422.01459999999497086, 128785.99839999999676365 265355.66779999999562278, 128734.3555999999953201 265340.143999999971129, 128665.28380000000470318 265336.24359999998705462, 128589.54959999999846332 265365.15940000000409782, 128560.96480000000155997 265400.74239999998826534, 128545.83259999999427237 265425.71980000002076849, 128532.8129999999946449 265467.14079999999376014, 128519.76959999999962747 265613.84100000001490116, 128526.16939999999885913 265666.82860000000800937, 128530.37519999999494758 265751.89659999997820705, 128522.18200000000069849 265807.8817999999737367, 128479.84020000000600703 265877.23560000001452863, 128388.76600000000325963 265959.96659999998519197, 128316.00939999999536667 266037.17340000002877787, 128260.62320000000181608 266084.37400000001071021, 128081.39560000000346918 266206.08819999999832362, 128032.6484000000054948 266271.65820000000530854, 128015.77800000000570435 266344.84120000002440065, 128020.75579999999899883 266404.23239999997895211, 128036.08659999999508727 266444.25020000000949949, 128067.74719999999797437 266475.74839999998221174, 128198.37339999999676365 266513.7848000000230968, 128301.21760000000358559 266533.07400000002235174, 128431.35700000000360887 266542.73979999998118728, 128523.23660000000381842 266563.13199999998323619, 128579.32099999999627471 266577.73220000002766028, 128671.18580000000656582 266597.2091999999829568, 128738.32799999999406282 266616.19679999997606501, 128787.28020000000833534 266641.90439999999944121, 128840.14340000000083819 266682.19260000000940636, 128885.85920000000623986 266732.67440000001806766, 128932.02980000000388827 266809.69679999997606501, 128963.73500000000058208 266914.92940000002272427, 128978.87179999999352731 266979.16960000002291054, 128957.40820000000530854 267034.48580000002402812, 128913.73119999999471474 267078.47379999997792765, 128882.48660000000381842 267096.96720000001369044, 128859.46820000000298023 267108.72779999999329448, 128839.10920000000623986 267114.82559999998193234, 128814.82060000000637956 267112.62359999999171123, 128763.33560000000579748 267103.62640000000828877, 128709.80719999999564607 267087.21600000001490116, 128639.12640000000828877 267055.36719999997876585, 128552.8700000000098953 266977.21179999999003485, 128484.28459999999904539 266917.41820000001462176, 128414.20279999999911524 266872.56119999999646097, 128314.86119999999937136 266850.76640000002225861, 128206.79980000000796281 266853.39659999997820705, 128097.82240000000456348 266873.6847999999881722, 128020.13659999999799766 266919.40279999998165295, 127961.84020000000600703 266993.6424000000115484, 127928.70399999999790452 267049.49959999998100102, 127888.27920000000449363 267165.44140000001061708, 127856.57839999999850988 267238.3090000000083819, 127797.50040000000444707 267369.3219999999855645, 127787.7173999999940861 267385.96899999998277053, 127709.71159999999508727 267480.68859999999403954, 127681.81660000000556465 267508.63160000002244487, 127645.65420000000449363 267534.88660000002710149, 127536.03819999999541324 267549.53980000002775341, 127439.70919999999750871 267565.29739999998128042, 127385.47960000000603031 267587.60180000000400469, 127315.5102000000042608 267608.26020000001881272, 127264.30160000000614673 267632.33500000002095476, 127229.5996000000013737 267659.12079999997513369, 127185.37919999999576248 267698.04300000000512227, 127164.37080000000423752 267738.06280000001424924, 127148.42960000000311993 267768.26679999998304993, 127121.18140000000130385 267793.4280000000144355, 127075.55479999999806751 267837.61239999998360872, 127042.54039999999804422 267875.59259999997448176, 127014.72340000000258442 267911.23940000002039596, 127001.59500000000116415 267930.92040000000270084, 126985.098599999997532 267972.35800000000745058, 126971.83800000000337604 268027.95880000002216548, 126969.89900000000488944 268089.35039999999571592, 126985.70480000000679865 268138.46380000002682209, 127007.15780000000086147 268188.92639999999664724, 127051.4106000000028871 268241.67920000001322478, 127091.0669999999954598 268261.12140000000363216, 127131.48559999999997672 268274.04560000001220033, 127183.67560000000230502 268273.67920000001322478, 127272.28059999999823049 268239.91320000000996515, 127372.63779999999678694 268190.92820000002393499, 127431.44040000000677537 268173.45559999998658895, 127485.16139999999722932 268165.04960000002756715, 127528.69440000000759028 268173.28100000001722947, 127573.90180000000691507 268191.95899999997345731, 127614.84080000000540167 268223.43079999997280538, 127644.80479999999806751 268269.30959999997867271, 127663.08460000000195578 268331.84960000001592562, 127667.02580000000307336 268387.15399999998044223, 127657.37720000000263099 268435.2084000000031665, 127638.75220000000263099 268483.4173999999766238, 127613.28140000000712462 268525.01020000001881272, 127582.43499999999767169 268558.46460000000661239, 127546.9848000000056345 268585.26260000001639128, 127487.75500000000465661 268621.44919999997364357, 127404.52920000000449363 268654.30660000001080334, 127348.7051999999966938 268670.98080000001937151, 127322.57940000000235159 268674.42239999998128042, 127219.32980000000679865 268673.95280000002821907, 127162.63019999999960419 268683.15740000002551824, 127112.76499999999941792 268692.29979999997885898, 127060.00260000000707805 268686.48340000002644956, 127004.12960000000020955 268695.28820000000996515, 126958.58840000000782311 268718.48379999998724088, 126876.58120000000053551 268771.44660000002477318, 126806.43399999999382999 268797.30640000000130385, 126709.4033999999955995 268823.63000000000465661, 126629.25220000000263099 268854.14579999999841675, 126579.26900000000023283 268879.66000000003259629, 126547.32240000000456348 268911.58899999997811392, 126520.16499999999359716 268961.36639999999897555, 126512.08759999999892898 269013.05619999999180436, 126519.80860000000393484 269071.20100000000093132, 126544.33160000000498258 269129.05599999998230487, 126597.06919999999809079 269198.75280000001657754, 126856.3809999999939464 269487.91920000000391155, 126924.33500000000640284 269595.45960000000195578, 126973.15059999999357387 269697.72440000000642613, 127004.58680000000458676 269766.66600000002654269, 127040.19560000000637956 269817.60700000001816079, 127120.24099999999452848 269911.49099999997997656, 127153.4940000000060536 269955.74719999998342246, 127157.43159999999625143 269989.30040000000735745, 127124.67620000000169966 270025.4417999999714084, 127079.54020000000309665 270045.31160000001545995, 127024.58179999999993015 270046.80699999997159466, 126948.77499999999417923 270035.82059999997727573, 126824.6200000000098953 270001.15919999999459833, 126681.34339999999792781 269971.32760000001871958, 126547.68520000000717118 269959.47440000000642613, 126441.19160000000556465 269974.71500000002561137, 126402.06320000000414439 269979.87040000001434237, 126357.48820000000705477 269994.08559999999124557, 126317.49000000000523869 270013.82400000002235174, 126284.19299999999930151 270032.3271999999997206, 126258.87119999999413267 270058.53899999998975545, 126162.38559999999415595 270179.06400000001303852, 126129.48119999999471474 270223.26419999997597188, 126114.60580000000481959 270270.59000000002561137, 126099.2651999999943655 270356.02600000001257285, 126098.42900000000372529 270437.85300000000279397, 126096.70279999999911524 270533.14220000000204891, 126088.93399999999382999 270602.75819999998202547, 126035.85619999999471474 270750.46240000001853332, 125999.45620000000053551 270912.63520000001881272, 126005.7378000000026077 270972.11700000002747402, 126028.43099999999685679 271018.10340000002179295, 126081.37059999999473803 271084.6068000000086613, 126170.36040000000502914 271197.86019999999552965, 126222.08819999999832362 271244.87180000002263114, 126269.48040000000037253 271264.23019999999087304, 126338.59820000000763685 271308.98959999997168779, 126382.82339999999385327 271339.60960000002523884, 126416.21099999999569263 271391.70860000001266599, 126470.8393999999971129 271506.2014000000199303, 126493.93540000000211876 271546.15000000002328306, 126538.60199999999895226 271602.53700000001117587, 126561.25440000000526197 271616.71679999999469146, 126633.23279999999795109 271632.28980000002775341, 126665.02079999999841675 271656.3984000000054948, 126734.54260000000067521 271724.68579999997746199, 126817.77479999999923166 271808.42859999998472631, 126864.8555999999953201 271874.86099999997531995, 126901.91199999999662396 271944.82740000000922009, 126916.02719999999681022 271983.80879999999888241, 126914.84500000000116415 272045.46860000002197921, 126875.09200000000419095 272144.77220000000670552, 126835.80439999999362044 272205.96639999997569248, 126761.92759999999543652 272275.59899999998742715, 126701.92019999999320135 272304.64799999998649582, 126631.54260000000067521 272317.06540000002132729, 126521.88360000000102445 272325.67479999997885898, 126382.81140000000596046 272317.98060000000987202, 126262.49259999999776483 272293.15279999998165295, 126120.96839999999792781 272273.17180000001098961, 126061.38839999999618158 272261.86859999998705462, 125989.33379999999306165 272241.81420000002253801, 125910.48040000000037253 272217.39480000000912696, 125742.88439999999536667 272179.93020000000251457, 125637.30160000000614673 272164.93540000001667067, 125555.49120000000402797 272164.1008000000147149, 125477.13760000000183936 272168.81099999998696148, 125342.93020000000251457 272183.44640000001527369, 125245.74580000000423752 272200.80719999998109415, 125161.98399999999674037 272216.81660000002011657, 125102.82739999999466818 272230.16080000001238659, 125052.35940000000118744 272249.44980000000214204, 124997.48440000000118744 272288.2258000000147149, 124946.38619999999355059 272328.76339999999618158, 124900.57240000000456348 272357.97220000001834705, 124840.11999999999534339 272403.26699999999254942, 125974.55259999999543652 273157.36660000000847504, 126718.00280000000202563 273605.45400000002700835, 126711.58220000000437722 273631.05560000002151355, 126709.10199999999895226 273644.78019999997923151, 126705.97740000000339933 273670.2985999999800697, 126706.81080000000656582 273684.64620000001741573, 126709.40739999999641441 273712.84679999999934807, 126711.88499999999476131 273736.33919999998761341, 126715.37579999999434222 273762.63280000002123415, 126720.72599999999511056 273787.93719999998575076, 126729.53380000000470318 273800.90559999999823049, 126750.82099999999627471 273822.98080000001937151, 126780.72580000000016298 273850.49180000001797453, 126817.69759999999951106 273896.66820000001462176, 126838.8657999999995809 273914.0356000000028871, 126861.75100000000384171 273924.76419999997597188, 126880.70299999999406282 273928.99660000001313165, 126916.67620000000169966 273935.6257999999797903, 126947.72719999999389984 273933.89939999999478459, 126977.71760000000358559 273927.48879999999189749, 127015.36019999999552965 273925.59600000001955777, 127056.04180000000633299 273932.10639999998966232, 127090.22680000000400469 273942.54960000002756715, 127118.69060000000172295 273950.31060000002617016, 127150.14579999999841675 273964.59159999998519197, 127168.34639999999490101 273976.38059999997494742, 127182.87540000000444707 273992.03120000002672896, 127193.94700000000011642 274020.01760000002104789, 127200.14380000000528526 274041.53179999999701977, 127358.47800000000279397 274061.55959999997867271, 127443.87859999999636784 274125.94939999998314306, 127503.9330000000045402 274168.5953999999910593, 127626.92720000000554137 274259.07319999998435378, 127827.92840000000433065 274376.69939999998314306, 128000.52719999999681022 274471.52319999999599531, 128045.13700000000244472 274501.4332000000285916, 128362.26760000000649597 274719.71059999999124557, 128665.81239999999525025 274919.88880000001518056, 129080.30299999999988358 275181.90039999998407438, 129084.86500000000523869 275194.02899999998044223, 129097.93919999999343418 275207.34480000002076849, 129114.77980000000388827 275220.56040000001667067, 129137.00800000000162981 275223.738599999982398, 129156.56119999999646097 275232.64179999998304993, 129191.96700000000419095 275270.80599999998230487, 129216.18200000000069849 275295.60420000000158325, 129244.64699999999720603 275320.76079999998910353, 129285.06940000000759028 275352.6665999999968335, 129315.3301999999966938 275374.47720000002300367, 129398.35439999999653082 275431.63479999999981374, 130624.42639999999664724 276254.41080000001238659, 130699.29700000000593718 276306.13140000001294538, 130913.82180000000516884 276454.02299999998649582, 131027.54000000000814907 276531.56620000000111759, 131168.556799999991199 276625.81620000000111759, 131300.98019999999087304 276715.81900000001769513, 131338.61720000000786968 276742.44339999998919666, 131430.77720000001136214 276805.34879999997792765, 131578.1332000000111293 276906.44679999997606501, 131660.08280000000377186 276963.47899999999208376, 131802.29660000000149012 277060.24499999999534339, 132042.98499999998603016 277224.05660000001080334, 132241.4076000000059139 277355.07819999998901039, 132616.37299999999231659 277583.81800000002840534, 132800.46160000000963919 277707.11339999997289851, 132831.30819999999948777 277734.32140000001527369, 132967.83879999999771826 277832.80879999999888241, 133025.34340000001247972 277876.15700000000651926, 133256.52999999999883585 278029.4295999999740161, 133385.63519999998970889 278121.38780000002589077, 133462.86000000001513399 278171.54479999997420236, 133606.61939999999594875 278268.75219999998807907, 133676.50320000000647269 278315.72680000000400469, 133720.58660000000963919 278330.79580000002169982, 133956.16560000000754371 278263.01539999997476116, 134191.7021999999997206 278191.86580000002868474, 134437.63839999999618158 278110.38579999998910353, 134546.24760000000242144 278076.11060000001452863, 134694.87959999998565763 278034.231000000028871, 134753.68499999999767169 278018.38679999997839332, 134798.07219999999506399 278002.02220000000670552, 134873.0507999999972526 277685.50140000000828877, 134897.10339999999268912 277567.5779999999795109, 134931.53719999999157153 277427.96080000000074506, 134967.95480000000679865 277278.81479999999282882, 135129.70860000001266599 277315.75900000002002344, 135264.74340000000665896 277346.54300000000512227, 135417.95199999999022111 276708.08059999998658895, 135392.71919999999227002 276631.50300000002607703, 135248.79800000000977889 276172.78100000001722947, 135190.62959999998565763 275898.89059999998426065, 135091.28159999998752028 275914.393999999971129, 135072.97860000000218861 275919.47539999999571592, 135048.81239999999525025 275946.69599999999627471, 135012.48060000000987202 275980.5226000000257045, 134973.29800000000977889 276016.89659999997820705, 134913.10659999999916181 276042.73399999999674037, 134904.57819999998901039 275991.10019999998621643, 134931.68820000000414439 275969.23440000001573935, 134955.8924000000115484 275945.24660000001313165, 134975.15739999999641441 275929.93739999999525025, 134999.30259999999543652 275900.92080000002169982, 135026.1342000000004191 275855.34799999999813735, 135073.44299999999930151 275775.05259999999543652, 134938.01199999998789281 275713.57419999997364357, 134709.64860000001499429 275602.99939999997150153, 134453.22179999999934807 275488.47419999999692664, 134434.84299999999348074 275461.95699999999487773, 134387.8152000000118278 275408.24859999999171123, 134360.53719999999157153 275361.48900000000139698, 134306.59020000000600703 275292.13980000000447035, 134267.67040000000270084 275264.27480000001378357, 134212.37559999999939464 275215.42399999999906868, 134168.91000000000349246 275155.11520000000018626, 134253.06680000000051223 275091.61999999999534339, 134297.22219999998924322 275055.20459999999729916, 134309.82860000000800937 274976.71700000000419095, 134270.2711999999883119 274886.54379999998491257, 134191.71299999998882413 274691.30040000000735745, 134138.73379999998724088 274549.37040000001434237, 134048.92139999999199063 274314.40879999997559935, 134096.99679999999352731 274039.72619999997550622, 134145.6523999999917578 273751.07579999999143183, 134209.08499999999185093 273382.98839999997289851, 134266.11919999998644926 273056.92040000000270084, 134296.67120000001159497 272907.97060000000055879, 134333.70100000000093132 272719.36920000001555309, 134393.37320000000181608 272388.90840000001480803, 134451.42139999999199063 272079.89299999998183921, 134373.0052000000141561 272067.72759999998379499, 134865.11199999999371357 270241.31160000001545995, 135047.44159999999101274 269564.60999999998603016, 135022.33100000000558794 269466.83480000001145527))) | B3: r-nul Făleşti, sat. Călinești (Merged) | C3: sat. Călinești | D3: 9998 | E3: =IF(LEN(D3)=3,"0"&TEXT(D3,0),TEXT(D3,0)) -> 9998 | F3: 95.675
A4: MultiPolygon (((225343.82440000001224689 114054.77019999999902211, 225039.75239999999757856 115177.24020000000018626, 224990.3030000000144355 115345.08259999999427237, 224973.88279999999213032 115386.80980000000272412, 224936.11799999998765998 115477.12219999999797437, 224759.99660000001313165 115433.48260000000300352, 224475.1810000000114087 115368.27580000000307336, 224064.44339999998919666 115267.05819999999948777, 223427.92559999998775311 115113.26339999999618158, 223265.3423999999940861 115821.97000000000116415, 223129.69180000000051223 116374.08800000000337604, 223114.37779999998747371 116455.38680000000749715, 223011.48379999998724088 116901.44839999999385327, 222966.64060000001336448 117093.00340000000142027, 222941.21199999999953434 117202.47320000000763685, 222905.71600000001490116 117333.35740000000805594, 222876.55160000000614673 117466.57520000000658911, 222805.26420000000507571 117790.81080000000656582, 222794.68940000000293367 117853.56799999999930151, 222750.13000000000465661 118065.86939999999594875, 222656.03839999999036081 118441.51480000000447035, 222738.09059999999590218 118458.86380000000644941, 222888.53179999999701977 118496.57300000000395812, 223144.08379999999306165 118563.75900000000547152, 223374.58240000001387671 118618.47479999999632128, 223735.3545999999914784 118698.74300000000221189, 223844.64819999999599531 118726.69899999999324791, 224119.19200000001001172 118790.79739999999583233, 224341.44459999998798594 118841.50359999999636784, 224433.1190000000060536 118868.14939999999478459, 224621.68940000000293367 118913.45939999999245629, 224889.65859999999520369 118973.47779999999329448, 225060.1546000000089407 119009.84200000000419095, 225225.52679999999236315 119055.13479999999981374, 225761.64980000001378357 119190.5669999999954598, 225919.49540000001434237 119226.82679999999527354, 226455.46640000000479631 119348.18720000000030268, 226519.45559999998658895 119368.86079999999492429, 227377.72820000001229346 119545.9746000000013737, 227410.68040000001201406 119549.43180000000575092, 227791.90320000000065193 119641.71700000000419095, 227940.45259999998961575 119674.27760000000125729, 228028.66920000000391155 119694.75019999999494758, 228290.8961999999883119 119750.63659999999799766, 228360.68559999999706633 119765.85420000000158325, 228647.6309999999939464 119842.08379999999306165, 228921.44560000000637956 119906.05439999999362044, 229163.87220000001252629 119969.24220000000786968, 229283.9409999999916181 119998.03699999999662396, 229481.31919999999809079 120041.39280000000144355, 229641.11040000000502914 120078.61079999999492429, 229703.18619999999646097 120091.22179999999934807, 229913.55160000000614673 120137.13920000000507571, 230282.87539999998989515 120222.26119999999355059, 230462.08000000001629815 120261.74619999999413267, 230668.95680000001448207 120307.95979999999690335, 230801.82579999999143183 120334.4584000000031665, 230869.14739999998710118 120347.39160000000265427, 230950.69560000000637956 120362.0224000000016531, 231124.97099999999045394 120401.93559999999706633, 231219.76680000001215376 120429.25460000000020955, 231304.70360000000800937 120451.93260000000009313, 231345.06460000001243316 120461.99180000000342261, 231643.41579999998793937 120545.1309999999939464, 231689.84619999999995343 120556.42220000000088476, 231711.82500000001164153 120520.7124000000039814, 231799.15739999999641441 120438.58460000000195578, 231922.26439999998547137 120339.99439999999594875, 232051.70360000000800937 120236.33759999999892898, 232150.99900000001071021 120158.23660000000381842, 232359.81560000000172295 119989.47580000000016298, 232436.2318000000086613 119922.9624000000039814, 232490.09880000000703149 119878.03059999999823049, 232589.61960000000544824 119792.23919999999634456, 233058.57500000001164153 119402.0224000000016531, 233061.51800000001094304 118772.26440000000002328, 233083.54839999999967404 118481.56500000000232831, 233251.45240000000922009 117519.63199999999778811, 233283.39480000000912696 117358.19759999999951106, 233336.71979999999166466 117134.80060000000230502, 233464.5560000000114087 116313.18180000000575092, 233499.21259999999892898 116118.67540000000735745, 233535.93020000000251457 115905.10719999999855645, 233614.96299999998882413 115457.87619999999878928, 233627.40599999998812564 115335.57480000000214204, 233634.71979999999166466 115281.74480000000039581, 233644.62359999999171123 115159.03740000000107102, 233669.23219999999855645 114859.16300000000046566, 233689.50500000000465661 114613.32339999999385327, 233710.70600000000558794 114346.10679999999410938, 233706.82399999999324791 114202.10000000000582077, 233695.96979999999166466 113951.51700000000710133, 233686.61060000001452863 113800.40959999999904539, 233652.93439999999827705 113181.80419999999867287, 233636.21580000000540167 112891.61400000000139698, 233620.4733999999880325 112671.32379999999830034, 233586.79959999999846332 112211.45339999999850988, 233445.76980000000912696 112186.97400000000197906, 232958.5174000000115484 112081.77659999999741558, 232463.69060000000172295 111968.47299999999813735, 232194.93640000000596046 111907.95440000000235159, 232110.34140000000479631 111886.53660000000672881, 232002.08660000000963919 111868.79640000000654254, 231846.85339999999268912 111828.45739999999932479, 231751.05520000000251457 111801.37579999999434222, 231589.70699999999487773 111759.23200000000360887, 231415.7711999999883119 111719.12739999999757856, 231051.5333999999857042 111641.80920000000332948, 230887.04540000000270084 111600.23900000000139698, 230584.86520000000018626 111519.44139999999606516, 230496.13699999998789281 111492.36840000000665896, 230389.6635999999998603 111459.83580000000074506, 229958.40739999999641441 111361.02760000000125729, 229700.93260000000009313 111297.3080000000045402, 229519.12380000000121072 111252.02700000000186265, 229413.0151999999943655 111226.61599999999452848, 229297.15380000000004657 111196.37660000000323635, 229017.52480000001378357 111129.28579999999783468, 228934.95559999998658895 111109.15360000000509899, 228901.68919999999343418 111102.17220000000088476, 228576.95480000000679865 111026.22539999999571592, 228442.23279999999795109 110993.67119999999704305, 228114.33199999999487773 110914.13000000000465661, 227477.056799999991199 110773.94860000000335276, 227277.86919999998644926 110730.54739999999583233, 227168.23600000000442378 110704.02959999999438878, 226822.68539999998756684 110626.84880000000703149, 226475.47080000001005828 110542.4370000000053551, 226125.58259999999427237 110462.09159999999974389, 226128.33799999998882413 110443.63019999999960419, 225669.04420000000391155 110346.31179999999585561, 225495.1546000000089407 110312.36299999999755528, 225462.59380000000237487 110346.73540000000502914, 225435.57519999999203719 110391.68839999999909196, 225389.55640000000130385 110463.90119999999296851, 225382.11919999998644926 110582.82159999999566935, 225358.42139999999199063 110627.87739999999757856, 225306.47980000000097789 110693.57399999999324791, 225289.9198000000033062 110744.77599999999802094, 225249.18520000000717118 110852.99000000000523869, 225226.07980000000679865 110931.63800000000628643, 225205.26099999999860302 111087.85760000000300352, 225116.57240000000456348 111254.49199999999837019, 225106.99040000000968575 111292.47719999999389984, 225095.29759999999077991 111385.32660000000032596, 225098.74059999999008141 111473.17260000000533182, 225105.02199999999720603 111527.95780000000377186, 225085.47519999998621643 111575.27899999999499414, 225076.68840000001364388 111602.41120000000228174, 225060.07360000000335276 111690.33920000000216532, 225041.8628000000026077 111713.94379999999364372, 224993.36819999999715947 111761.79799999999522697, 224949.67040000000270084 111819.69280000000435393, 224919.90700000000651926 111882.89780000000610016, 224861.23000000001047738 112040.08500000000640284, 224841.77679999999236315 112072.24619999999413267, 224787.20019999999203719 112150.56040000000211876, 224781.36400000000139698 112176.49959999999555293, 224783.6962000000057742 112240.46799999999348074, 224771.98720000000321306 112293.2114000000001397, 224743.26180000000749715 112382.13159999999334104, 224738.06880000000819564 112427.94860000000335276, 224752.55019999999785796 112512.54279999999562278, 224750.44080000001122244 112574.82520000000658911, 224717.54800000000977889 112640.36999999999534339, 224674.63500000000931323 112708.54060000000754371, 224672.94500000000698492 112758.95960000000195578, 224690.50620000000344589 112815.80400000000372529, 224663.05660000001080334 112909.98960000000079162, 224651.71840000001247972 113007.8304000000061933, 224633.73040000000037253 113100.01399999999557622, 224613.53099999998812564 113189.0834000000031665, 224611.26360000000568107 113244.66800000000512227, 224631.76840000000083819 113306.90020000000367872, 224628.77299999998649582 113359.26080000000365544, 224617.86720000000786968 113396.94460000000253785, 224607.01980000000912696 113465.58860000000277068, 224602.95000000001164153 113553.81780000000435393, 224591.75119999999878928 113617.75620000000344589, 224557.18460000000777654 113684.63839999999618158, 224498.32500000001164153 113844.39780000000610016, 224691.39480000000912696 113900.58659999999508727, 224800.99040000000968575 113927.03320000000530854, 224984.61919999998644926 113961.29360000000451691, 225081.01079999998910353 113969.12900000000081491, 225205.3304000000061933 114006.21679999999469146, 225273.01699999999254942 114022.95720000000437722, 225326.63240000000223517 114032.53200000000651926, 225344.67980000001261942 114034.111799999998766, 225343.82440000001224689 114054.77019999999902211))) | B4: UTA Găgăuzia, sat. Tomai | C4: sat. Tomai | D4: 9636 | E4: =IF(LEN(D4)=3,"0"&TEXT(D4,0),TEXT(D4,0)) -> 9636 | F4: 79.639
A5: MultiPolygon (((209032.69959999999264255 99062.77419999999983702, 209506.60300000000279397 99180.18859999999403954, 210482.0597999999881722 99418.73040000000037253, 210407.76039999999920838 99713.46340000000782311, 210358.375 99924.0537999999942258, 210323.125 100088.4838000000017928, 210298.3030000000144355 100199.58199999999487773, 210274.19060000000172295 100277.94160000000556465, 210745.66479999999864958 100437.52259999999660067, 210958.41260000001057051 100516.91800000000512227, 211098.09940000000642613 100561.88659999999799766, 211329.88639999998849817 100643.09900000000197906, 211644.62400000001071021 100765.07559999999648426, 211733.8802000000141561 100802.58359999999811407, 212178.42939999999362044 100977.66580000000249129, 212358.47119999999995343 101040.15519999999378342, 212380.91500000000814907 101047.88980000000447035, 212398.17120000001159497 101054.52460000000428408, 212409.58360000001266599 101058.60679999999410938, 212456.64340000000083819 100983.75280000000202563, 212462.80739999999059364 100974.97259999999369029, 212643.93080000000190921 101336.16539999999804422, 212686.39300000001094304 101415.4003999999986263, 212733.7674000000115484 101325.35580000000481959, 212787.29339999999501742 101200.60580000000481959, 212807.21400000000721775 101142.31979999999748543, 212922.40580000000772998 100680.15799999999580905, 213271.83960000000661239 100738.88659999999799766, 213489.25979999999981374 100769.47259999999369029, 213588.54740000001038425 100775.33839999999327119, 214115.30619999999180436 100806.388200000001234, 214179.61139999999431893 100820.30920000000332948, 214239.61199999999371357 100834.63800000000628643, 214263.9076000000059139 100805.97520000000076834, 214377.01380000001518056 100827.03800000000046566, 214488.01780000000144355 100826.57279999999445863, 214529.7592000000004191 100765.65159999999741558, 214544.99739999999292195 100697.76380000000062864, 214496.20559999998658895 100639.39040000000386499, 214382.98840000000200234 100640.82520000000658911, 214326.22719999999389984 100667.03979999999864958, 214277.76199999998789281 100700.76840000000083819, 214206.62659999998868443 100667.28620000000228174, 214180.15080000000307336 100564.32200000000011642, 214189.51420000000507571 100523.55280000000493601, 214289.12739999999757856 100457.33179999999993015, 214387.62479999999050051 100421.19400000000314321, 214423.87380000000121072 100374.1962000000057742, 214417.03080000000772998 100203.70560000000114087, 214463.64720000000670552 100180.75059999999939464, 214536.5121999999973923 100183.15840000000025611, 214597.35279999999329448 100151.19980000000214204, 214633.00860000000102445 100103.69359999999869615, 214627.88120000000344589 100026.12459999999555293, 214610.87959999998565763 99968.39100000000325963, 214595.18640000000596046 99830.47719999999389984, 214576.82240000000456348 99827.92359999999462161, 214539.77979999998933636 99758.7124000000039814, 214573.18979999999282882 99656.67660000000614673, 214560.56280000001424924 99629.70320000000356231, 214528.7325999999884516 99617.46319999999832362, 214454.44860000000335276 99638.13620000000810251, 214421.66579999998793937 99622.48320000000239816, 214412.92160000000149012 99596.76240000000689179, 214426.60140000001410954 99547.55299999999988358, 214424.20920000001206063 99510.82060000000637956, 214465.03680000000167638 99450.88659999999799766, 214474.64999999999417923 99406.52019999999902211, 214474.42360000000917353 99343.31880000000819564, 214392.30499999999301508 99257.98600000000442378, 214318.42100000000209548 99256.96379999999771826, 214194.00099999998928979 99309.24300000000221189, 214145.38240000000223517 99310.67119999999704305, 214107.30720000001019798 99287.24499999999534339, 214035.6190000000060536 99192.45660000000498258, 213993.04060000000754371 99161.70900000000256114, 213947.85719999999855645 99146.44440000000759028, 213868.17060000001220033 99152.84260000000358559, 213835.94899999999324791 99130.5996000000013737, 213774.54579999999259599 99099.05259999999543652, 213750.21799999999348074 99087.80359999999927823, 213738.76560000001336448 99087.38079999999899883, 213699.4409999999916181 99094.56600000000617001, 213651.19000000000232831 99102.3720000000030268, 213631.99499999999534339 99086.38000000000465661, 213589.2978000000002794 99005.9897999999957392, 213543.60260000001289882 98954.71959999999671709, 213518.46259999999892898 98937.01380000000062864, 213466.43340000000898726 98859.70699999999487773, 213567.50399999998626299 98536.00160000000323635, 213818.92399999999906868 97716.49719999999797437, 213951.68260000000009313 97277.8423999999940861, 214061.82480000000214204 96681.17840000000433065, 214118.56059999999706633 96323.87020000000484288, 214197.34080000000540167 95905.36860000000160653, 214321.46900000001187436 95222.69939999999769498, 214445.5151999999943655 94531.42960000000311993, 214498.37340000001131557 94259.26559999999881256, 214596.1424000000115484 93718.32820000000356231, 214740.70139999999082647 92902.84320000000298023, 214710.00440000000526197 92909.91899999999441206, 214626.29339999999501742 92548.77160000000731088, 214597.77239999998710118 92521.37820000000647269, 214215.55019999999785796 92538.10000000000582077, 214045.60540000000037253 92539.48339999999734573, 213363.51339999999618158 92525.92840000000433065, 213364.34419999999227002 92531.16300000000046566, 213400.78419999999459833 92770.80939999999827705, 213408.2143999999971129 92844.12639999999373686, 213393.06419999999343418 93021.71480000000155997, 213371.75260000000707805 93236.80879999999888241, 213365.97320000000763685 93240.34600000000500586, 213360.52780000001075678 93241.55620000000635628, 213346.30879999999888241 93243.06879999999364372, 213244.35540000000037253 93252.598599999997532, 213217.7325999999884516 93255.92660000000614673, 213186.5719999999855645 93259.40559999999823049, 213164.63839999999618158 93260.76700000000710133, 213139.52820000000065193 93261.82600000000093132, 213108.97239999999874271 93267.12020000000484288, 213089.61040000000502914 93270.75059999999939464, 213035.91099999999278225 93279.82660000000032596, 213002.93499999999767169 93285.42339999999967404, 212958.9165999999968335 93290.41520000000309665, 212917.62100000001373701 93293.44060000000172295, 212883.43499999999767169 93297.37360000000626314, 212855.29959999999846332 93301.00400000000081491, 212740.64000000001396984 93319.6098000000056345, 212617.96319999999832362 93343.35860000000684522, 212564.11259999999310821 93353.19079999999667052, 212444.61259999999310821 93374.82200000000011642, 212400.59419999999227002 93382.99039999999513384, 212366.25680000000284053 93389.19220000000495929, 212352.34039999998640269 93390.85619999999471474, 212315.28020000000833534 93393.73020000000542495, 212286.84220000001369044 93396.3018000000010943, 212259.91680000000633299 93400.99099999999452848, 212243.12640000000828877 93404.16760000000067521, 212222.25159999998868443 93404.62140000000363216, 212198.3515999999945052 93403.41139999999722932, 212176.11559999999008141 93401.14239999999699648, 212188.56700000001001172 93428.79039999999804422, 212194.2674000000115484 93448.63980000000447035, 212198.65419999998994172 93474.50620000000344589, 212202.88959999999497086 93502.33920000000216532, 212203.79720000000088476 93573.28280000000086147, 212203.79740000001038425 93659.05060000000230502, 212202.43599999998696148 93754.80199999999604188, 212200.77220000000670552 93814.85439999999653082, 212200.31839999998919666 93881.10899999999674037, 212199.37260000000242144 93922.36659999999392312, 212198.20079999999143183 93945.39699999999720603, 212196.08300000001327135 93996.37339999999676365, 212195.70100000000093132 94027.68039999999746215, 212195.3984000000054948 94052.48799999999755528, 212252.87959999998565763 94041.29439999999885913, 212396.2796000000089407 94016.48660000000381842, 212503.07339999999385327 93996.21700000000419095, 212529.6962000000057742 93992.58659999999508727, 212514.12020000000484288 94207.83819999999832362, 212497.48099999999976717 94411.74460000000544824, 212483.2621999999973923 94583.88499999999476131, 212461.88620000000810251 94825.04720000000088476, 212437.95139999999082647 95144.95979999999690335, 212431.52979999998933636 95237.65619999999762513, 212421.54620000001159497 95357.61000000000058208, 212417.91599999999743886 95392.40119999999296851, 212428.74979999999050051 95396.65820000000530854, 212477.44039999999222346 95402.73020000000542495, 212540.89699999999720603 95411.88980000000447035, 212618.94239999999990687 95425.01440000000002328, 212706.276400000002468 95439.45140000000537839, 212735.61259999999310821 95444.11460000000079162, 212770.54320000001462176 95450.40499999999883585, 212817.06219999998575076 95459.34399999999732245, 212872.18979999999282882 95470.10420000000158325, 212900.71720000001369044 95475.53459999999904539, 212932.11819999999715947 95479.20859999999811407, 213038.39999999999417923 95487.0712000000057742, 213136.81839999998919666 95496.75460000000020955, 213184.82399999999324791 95501.57219999999506399, 213183.26039999999920838 95521.10700000000360887, 213144.56580000001122244 96041.38240000000223517, 213141.74619999999413267 96041.25419999999576248, 213106.70360000000800937 96039.77439999999478459, 213087.8334000000031665 96051.25699999999778811, 213002.85279999999329448 96027.74319999999715947, 212996.3030000000144355 96051.09459999999671709, 212995.27820000000065193 96054.84399999999732245, 213087.12080000000423752 96079.11620000000402797, 213095.18040000001201406 96080.77580000000307336, 213106.23680000001331791 96083.62619999999878928, 213111.53640000001178123 96084.85520000000542495, 213140.85899999999674037 96092.45560000000114087, 213129.42300000000977889 96273.21899999999732245, 213075.21760000000358559 96264.05860000000393484, 213056.55139999999664724 96326.98919999999634456, 213046.02900000000954606 96362.4624000000039814, 213031.75380000000586733 96356.49379999999655411, 212976.39040000000386499 96342.57739999999466818, 212881.3954000000085216 96317.16479999999864958, 212742.53320000000530854 96285.70160000000032596, 212679.00159999998868443 96269.06239999999525025, 212568.27480000001378357 96241.22939999999653082, 212484.79259999998612329 96221.56119999999646097, 212411.2773999999917578 96201.89680000000225846, 212238.83420000001206063 96158.02980000000388827, 212085.29920000000856817 96119.30580000000190921, 211981.07699999999022111 96093.28819999999541324, 211905.4439999999885913 96074.53119999999762513, 211772.0273999999917578 96044.27800000000570435, 211698.96599999998579733 96025.36980000000039581, 211585.97020000001066364 96000.25979999999981374, 211490.21900000001187436 95975.4521999999997206, 211415.94740000000456348 95957.14919999999983702, 211375.86180000001331791 95948.0731999999989057, 211357.86120000001392327 95945.50179999999818392, 211288.58139999999548309 95944.74539999999979045, 211258.78200000000651926 95944.2915999999968335, 211225.50359999999636784 95947.46820000000298023, 211201.60339999999268912 95953.06500000000232831, 211158.79519999999320135 95960.47719999999389984, 211104.64199999999254942 95964.56140000000596046, 211075.29639999999199063 95972.50280000000202563, 211029.16039999999338761 95973.41039999999338761, 210945.81280000001424924 95982.48639999999431893, 210894.53359999999520369 95985.81440000000293367, 210792.42920000001322478 95993.98279999999795109, 210701.6695999999938067 96000.03340000000025611, 210632.84359999999287538 96007.7480000000068685, 210535.42840000000433065 96016.52139999999781139, 210483.24160000000847504 96021.05939999999827705, 210374.3301999999966938 96030.13539999999920838, 210330.46299999998882413 96033.46340000000782311, 210261.33439999999245629 96039.81660000000556465, 210230.17360000000917353 96041.93439999999827705, 210211.87040000001434237 96041.63180000000284053, 210204.00459999998565763 96042.388200000001234, 210193.56620000000111759 96043.93360000000393484, 210190.54099999999743886 96051.04320000000006985, 210188.72579999998561107 96057.09380000000237487, 210186.60800000000745058 96074.48940000000584405, 210186.30559999999240972 96086.28819999999541324, 210185.70040000000153668 96108.3730000000068685, 210180.10360000000218861 96146.03819999999541324, 210176.42759999999543652 96160.24760000000242144, 210173.77919999998994172 96167.56500000000232831, 210169.11000000001513399 96169.93460000000777654, 210160.71239999998942949 96170.80580000000190921, 210131.19880000001285225 96165.68379999999888241, 210039.0121999999973923 96144.28979999999864958, 209773.39759999999660067 96079.92459999999846332, 209703.36139999999431893 96062.37780000000202563, 209498.4165999999968335 96013.55779999999504071, 209426.24220000000786968 95994.45960000000195578, 209224.95439999998779967 95945.82219999999506399, 209186.20679999998537824 95942.19860000000335276, 209146.24880000000121072 95934.86100000000442378, 209114.98399999999674037 95924.63760000000183936, 209084.11139999999431893 95921.22320000000763685, 209055.06560000000172295 95920.97380000000703149, 209014.22380000000703149 95920.36879999999655411, 208986.08840000000782311 95923.99920000000565778, 208986.39079999999376014 95960.30299999999988358, 208983.66820000001462176 95997.81680000000051223, 208970.96179999999003485 96051.36500000000523869, 208958.86060000001452863 96102.49280000000726432, 208917.11139999999431893 96287.33980000000155997, 208897.74940000000060536 96372.95620000000053551, 208890.18599999998696148 96388.99039999999513384, 208857.51259999998728745 96451.61460000000079162, 208824.23420000000623986 96521.8018000000010943, 208806.38479999999981374 96569.90439999999944121, 208783.99760000000242144 96622.84759999999369029, 208770.93660000001545995 96658.98540000000502914, 208740.98600000000442378 96730.68540000000211876, 208711.94299999999930151 96796.33479999999690335, 208692.27859999999054708 96863.79940000000351574, 208660.21020000000135042 96945.48300000000745058, 208611.50260000000707805 97074.96659999999974389, 208547.06359999999403954 97240.45160000000032596, 208471.12820000000647269 97442.54279999999562278, 208408.50419999999576248 97606.51499999999941792, 208325.00560000000405125 97825.24559999999473803, 208256.93599999998696148 98004.64680000000225846, 208180.39559999998891726 98202.80520000000251457, 208105.0652000000118278 98397.63559999999415595, 208051.51720000000204891 98533.47239999999874271, 208007.95259999998961575 98646.92179999999643769, 207883.91479999999864958 98971.84100000000034925, 207812.21499999999650754 99160.92339999999967404, 207738.09479999999166466 99344.86259999999310821, 207714.67100000000209548 99406.95140000000537839, 208365.66000000000349246 99584.96760000000358559, 208409.77780000001075678 99601.55640000000130385, 208803.89639999999781139 99710.61980000000039581, 209032.69959999999264255 99062.77419999999983702),(213155.00039999998989515 96987.13159999999334104, 213159.2407999999995809 96962.85400000000663567, 213158.41140000001178123 96961.9228000000002794, 213162.25959999999031425 96937.43039999999746215, 213163.14900000000488944 96933.05199999999604188, 213153.63039999999455176 96930.18979999999282882, 213107.96299999998882413 96917.54679999999643769, 213106.25620000000344589 96909.66280000000551809, 213107.46760000000358559 96895.55939999999827705, 213140.96559999999590218 96903.0580000000045402, 213146.06539999999222346 96882.90240000000630971, 213152.02880000000004657 96884.11999999999534339, 213157.80799999998998828 96862.72220000000379514, 213146.75640000001294538 96859.57459999999264255, 213151.24379999999655411 96843.4624000000039814, 213151.39340000000083819 96842.7783999999955995, 213153.96059999999124557 96831.04540000000270084, 213166.52059999998891726 96834.37519999999494758, 213169.09599999999045394 96824.40820000000530854, 213172.3037999999942258 96810.77999999999883585, 213146.21580000000540167 96803.91580000000249129, 213146.35800000000745058 96803.33280000000377186, 213150.35800000000745058 96786.93039999999746215, 213151.51780000000144355 96780.61840000000665896, 213126.39139999999315478 96774.09919999999692664, 213125.53680000000167638 96771.84519999999611173, 213126.9257999999972526 96765.05719999999564607, 213153.51099999999860302 96771.77280000000610016, 213156.01560000001336448 96761.33500000000640284, 213156.53719999999157153 96754.59699999999429565, 213188.9848000000056345 96762.53879999999480788, 213196.11160000000381842 96740.66099999999278225, 213151.36220000000321306 96728.6025999999983469, 213155.66579999998793937 96712.69280000000435393, 213178.29920000000856817 96719.08359999999811407, 213184.10939999998663552 96698.19379999999364372, 213190.79279999999562278 96699.97699999999895226, 213195.16080000001238659 96682.09880000000703149, 213182.67040000000270084 96678.96600000000034925, 213188.63279999999213032 96654.62420000000565778, 213185.6902000000118278 96653.29559999999764841, 213190.62179999999352731 96632.59519999999611173, 213199.15659999998752028 96631.01919999999518041, 213202.37659999998868443 96618.47920000000158325, 213204.84940000000642613 96608.39220000000204891, 213201.59440000000176951 96607.31160000000090804, 213205.46040000001084991 96584.36980000000039581, 213178.38879999998607673 96577.99099999999452848, 213182.27400000000488944 96556.64900000000488944, 213212.19779999999445863 96564.1635999999998603, 213217.12559999999939464 96541.80419999999867287, 213196.344600000011269 96536.64139999999315478, 213200.87760000000707805 96520.41499999999359716, 213190.30439999999362044 96517.89759999999660067, 213196.87460000001010485 96494.73119999999471474, 213201.83840000000782311 96476.00740000000223517, 213206.44239999999990687 96457.28599999999278225, 213206.58360000001266599 96456.5874000000039814, 213208.92559999998775311 96445.33580000000074506, 213209.99040000000968575 96439.54700000000593718, 213211.44260000000940636 96433.81040000000211876, 213213.04560000001220033 96428.87660000000323635, 213216.13560000000870787 96419.3657999999995809, 213216.44459999998798594 96418.41479999999864958, 213246.47760000001289882 96425.94800000000395812, 213248.08759999999892898 96418.63019999999960419, 213246.18299999998998828 96415.9228000000002794, 213248.86540000000968575 96404.13580000000365544, 213254.99040000000968575 96379.02039999999396969, 213260.09340000001247972 96358.19779999999445863, 213264.2166000000142958 96341.52259999999660067, 213270.1332000000111293 96320.44599999999627471, 213274.094600000011269 96303.09279999999853317, 213279.36240000001271255 96281.38139999999839347, 213283.84280000001308508 96263.80719999999564607, 213289.35399999999208376 96242.60860000000684522, 213292.71160000000963919 96228.70780000000377186, 213298.7796000000089407 96206.5448000000033062, 213298.64799999998649582 96205.70200000000477303, 213302.47419999999692664 96190.03819999999541324, 213307.63980000000447035 96167.60800000000745058, 213311.96539999998640269 96151.02520000000367872, 213345.51019999998970889 96157.51459999999497086, 213381.11919999998644926 96167.22019999999611173, 213384.5976000000082422 96168.04640000000654254, 213392.33100000000558794 96139.74319999999715947, 213391.3961999999883119 96129.00220000000263099, 213411.27319999999599531 96134.43200000000069849, 213517.9907999999995809 96160.30359999999927823, 213525.43539999998756684 96163.07200000000011642, 213525.17639999999664724 96167.47960000000603031, 213537.93239999999059364 96170.19220000000495929, 213534.05460000000311993 96184.7945999999938067, 213539.83619999999064021 96186.10820000000239816, 213535.64699999999720603 96211.00460000000020955, 213532.11919999998644926 96210.54700000000593718, 213528.40700000000651926 96225.86999999999534339, 213525.51480000000447035 96238.40380000000004657, 213524.61540000000968575 96242.30139999999664724, 213518.17739999998593703 96265.29360000000451691, 213523.58100000000558794 96266.82839999999850988, 213520.25099999998928979 96283.69999999999708962, 213513.88539999999920838 96282.41120000000228174, 213510.86480000001029111 96298.74300000000221189, 213508.67160000000149012 96308.33079999999608845, 213506.53919999999925494 96319.4076000000059139, 213502.28940000000875443 96342.18260000000009313, 213499.84820000000763685 96353.44139999999606516, 213500.73060000000987202 96353.61840000000665896, 213512.61100000000442378 96356.00280000000202563, 213510.59020000000600703 96364.7275999999983469, 213513.90260000000125729 96365.88880000000062864, 213511.00580000001355074 96380.44239999999990687, 213512.92600000000675209 96390.21080000000074506, 213510.84820000000763685 96410.44980000000214204, 213507.41940000001341105 96430.33680000000458676, 213505.45000000001164153 96444.32060000000637956, 213503.59640000000945292 96459.28939999999420252, 213501.84400000001187436 96473.31840000000374857, 213508.96220000000903383 96475.29700000000593718, 213506.41899999999441206 96490.9775999999983469, 213504.19599999999627471 96506.69659999999566935, 213500.89199999999254942 96529.19299999999930151, 213500.20860000001266599 96529.0415999999968335, 213497.81280000001424924 96545.40619999999762513, 213493.72380000000703149 96544.46340000000782311, 213490.60120000000461005 96561.27999999999883585, 213487.29000000000814907 96579.87020000000484288, 213484.07099999999627471 96597.15959999999904539, 213480.85519999999087304 96617.88079999999899883, 213480.7470000000030268 96620.58500000000640284, 213478.71199999999953434 96629.87239999999292195, 213476.34220000001369044 96641.6220000000030268, 213471.25219999998807907 96664.56620000000111759, 213467.35800000000745058 96684.08980000000155997, 213463.14759999999660067 96696.83280000000377186, 213459.19080000001122244 96709.97560000000521541, 213454.30999999999767169 96732.38479999999981374, 213450.1939999999885913 96751.2216000000044005, 213448.58180000001448207 96757.25539999999455176, 213445.78580000001238659 96768.28979999999864958, 213446.65940000000409782 96768.50579999999899883, 213445.88000000000465661 96782.66039999999338761, 213444.38500000000931323 96792.54000000000814907, 213442.4584000000031665 96804.91439999999420252, 213446.7325999999884516 96806.1128000000026077, 213444.27379999999538995 96817.62619999999878928, 213440.80960000000777654 96838.4897999999957392, 213437.26199999998789281 96853.07020000000193249, 213436.7945999999938067 96860.06140000000596046, 213435.52259999999660067 96865.60339999999268912, 213432.94940000001224689 96872.03740000000107102, 213428.91860000000451691 96871.20819999999366701, 213426.35860000000684522 96882.54959999999846332, 213423.78839999999036081 96894.05120000000169966, 213421.22700000001350418 96906.14979999999923166, 213419.00140000000828877 96918.68260000000009313, 213423.86759999999776483 96919.45759999999427237, 213419.93840000001364388 96942.33299999999871943, 213417.1431999999913387 96954.84540000000561122, 213414.08319999999366701 96953.98260000000300352, 213413.96520000000600703 96955.92720000000554137, 213420.64340000000083819 96957.16839999999501742, 213420.90619999999762513 96965.02959999999438878, 213409.12340000001131557 96965.31799999999930151, 213406.64079999999376014 96976.82180000000516884, 213405.08840000000782311 96976.43460000000777654, 213402.04240000000572763 96990.0326000000059139, 213401.54079999998793937 96994.00460000000020955, 213398.4970000000030268 97012.89380000000528526, 213378.4551999999966938 97007.75019999999494758, 213369.13659999999799766 97033.58460000000195578, 213364.07839999999850988 97051.5518000000010943, 213361.13159999999334104 97066.1157999999995809, 213359.69440000000759028 97067.72500000000582077, 213354.32519999999203719 97068.84979999999632128, 213348.6757999999972526 97068.22299999999813735, 213300.47459999998682179 97053.43720000000030268, 213291.65080000000307336 97052.68039999999746215, 213274.21520000000600703 97047.52920000000449363, 213250.90520000000833534 97041.70500000000174623, 213249.43340000000898726 97039.80060000000230502, 213234.26500000001396984 97035.34359999999287538, 213225.28440000000409782 97032.65799999999580905, 213219.0266000000119675 97029.64079999999376014, 213215.49119999998947605 97027.31179999999585561, 213214.68260000000009313 97027.20059999999648426, 213191.66579999998793937 97010.55060000000230502, 213179.12280000001192093 97010.69879999999830034, 213179.12220000001252629 97011.19879999999830034, 213159.75659999999334104 97011.33980000000155997, 213161.43359999998938292 96988.05460000000311993, 213155.00039999998989515 96987.13159999999334104))) | B5: UTA Găgăuzia, com. Svetlîi | C5: com. Svetlîi | D5: 9634 | E5: =IF(LEN(D5)=3,"0"&TEXT(D5,0),TEXT(D5,0)) -> 9634 | F5: 29.78
A6: MultiPolygon (((237274.27259999999660067 120311.20459999999729916, 237302.23860000001150183 120241.59040000000095461, 237344.29980000000796281 120182.04439999999885913, 237355.35279999999329448 120161.32460000000719447, 237361.54300000000512227 120142.32240000000456348, 237366.36300000001210719 120088.47500000000582077, 237376.77760000000125729 120059.98099999999976717, 237393.12140000000363216 120033.84480000000621658, 237458.88880000001518056 119979.28639999999722932, 237476.21679999999469146 119954.99480000000039581, 237507.40119999999296851 119923.85379999999713618, 237560.47279999998863786 119875.76540000000386499, 237588.87580000000889413 119835.55400000000372529, 237600.5059999999939464 119774.76699999999254942, 237642.98819999999250285 119683.30040000000735745, 237675.20439999998779967 119654.26979999999457505, 237722.21299999998882413 119584.72380000000703149, 237767.36660000000847504 119543.1738000000041211, 237784.97539999999571592 119512.62459999999555293, 237789.09560000000055879 119387.31780000000435393, 237813.38459999999031425 119257.54140000000188593, 237868.11540000000968575 119033.90679999999701977, 237886.55640000000130385 119008.01039999999920838, 237891.11840000000665896 118942.41300000000046566, 237882.6523999999917578 118894.38659999999799766, 237883.3030000000144355 118867.60920000000623986, 237901.11799999998765998 118808.85460000000603031, 237898.93619999999646097 118749.82279999999445863, 237922.71179999999003485 118673.25539999999455176, 237978.78500000000349246 118495.95660000000498258, 238003.03820000000996515 118457.69839999999385327, 238066.1157999999995809 118377.58000000000174623, 238165.99340000000665896 117888.36119999999937136, 238320.97080000001005828 117156.45500000000174623, 238411.61019999999552965 116737.76180000000749715, 238635.92319999999017455 115360.94220000000495929, 238764.52820000000065193 115389.72560000000521541, 238748.22560000000521541 115330.05060000000230502, 238735.23920000001089647 115290.66680000000633299, 238734.80879999999888241 115270.30999999999767169, 238979.18619999999646097 114731.31020000000717118, 239017.42339999999967404 114654.48840000000200234, 239057.52220000000670552 114623.48720000000321306, 239016.59580000001005828 114567.72280000000318978, 238977.54440000001341105 114483.49000000000523869, 238964.59520000001066364 114446.97000000000116415, 238941.17980000001261942 114387.86040000000502914, 238900.34520000001066364 114276.39220000000204891, 238740.55480000001261942 113961.35739999999350403, 238674.21160000000963919 113855.62399999999615829, 238740.40619999999762513 113834.50539999999455176, 239061.95740000001387671 114305.66499999999359716, 239749.1461999999883119 113810.37900000000081491, 239530.35899999999674037 113526.77980000000388827, 239527.30420000001322478 113530.73699999999371357, 239428.02100000000791624 113587.06419999999343418, 238703.72299999999813735 113420.1279999999969732, 238602.62359999999171123 113397.42560000000230502, 238480.20499999998719431 113368.12059999999473803, 238369.86120000001392327 113343.69980000000214204, 238220.32540000000153668 113308.22680000000400469, 238170.74760000000242144 113296.53220000000146683, 238119.22899999999208376 113286.37679999999818392, 237845.71220000000903383 113223.77559999999357387, 237554.57480000000214204 113155.92459999999846332, 237425.52499999999417923 113127.00040000000444707, 237334.14160000000265427 113104.84759999999369029, 237046.96539999998640269 113034.19719999999506399, 236942.98960000000079162 113009.67419999999401625, 236892.28599999999278225 112999.74300000000221189, 236692.48459999999613501 112950.42620000000169966, 236578.05420000001322478 112921.59540000000561122, 235407.55999999999767169 112638.15260000000125729, 234478.49580000000423752 112424.78140000000712462, 234055.17720000000554137 112327.37639999999373686, 233586.79959999999846332 112211.45339999999850988, 233620.4733999999880325 112671.32379999999830034, 233636.21580000000540167 112891.61400000000139698, 233652.93439999999827705 113181.80419999999867287, 233686.61060000001452863 113800.40959999999904539, 233695.96979999999166466 113951.51700000000710133, 233706.82399999999324791 114202.10000000000582077, 233710.70600000000558794 114346.10679999999410938, 233689.50500000000465661 114613.32339999999385327, 233669.23219999999855645 114859.16300000000046566, 233644.62359999999171123 115159.03740000000107102, 233634.71979999999166466 115281.74480000000039581, 233627.40599999998812564 115335.57480000000214204, 233614.96299999998882413 115457.87619999999878928, 233535.93020000000251457 115905.10719999999855645, 233499.21259999999892898 116118.67540000000735745, 233464.5560000000114087 116313.18180000000575092, 233336.71979999999166466 117134.80060000000230502, 233283.39480000000912696 117358.19759999999951106, 233251.45240000000922009 117519.63199999999778811, 233083.54839999999967404 118481.56500000000232831, 233061.51800000001094304 118772.26440000000002328, 233058.57500000001164153 119402.0224000000016531, 233544.3416000000142958 119524.80920000000332948, 233826.38680000000749715 119585.30960000000777654, 234020.42699999999604188 119632.14620000000286382, 234327.85839999999734573 119706.76679999999760184, 234514.96119999999064021 119746.5864000000001397, 234719.655399999988731 119790.8657999999995809, 234968.93280000000959262 119847.25759999999718275, 235052.55139999999664724 119865.56339999999909196, 235180.26019999998970889 119890.57099999999627471, 235454.19599999999627471 119952.95900000000256114, 235497.16300000000046566 119966.97839999999268912, 235604.59140000000479631 119995.96920000000682194, 235858.97640000001410954 120062.63880000000062864, 236070.95199999999022111 120117.638200000001234, 236133.16219999999157153 120135.19220000000495929, 236297.86499999999068677 120173.66099999999278225, 236530.38300000000162981 120229.92100000000209548, 237279.83240000001387671 120395.9838000000017928, 237271.98079999999026768 120355.37119999999413267, 237274.27259999999660067 120311.20459999999729916))) | B6: UTA Găgăuzia, sat. Joltai | C6: sat. Joltai | D6: 9633 | E6: =IF(LEN(D6)=3,"0"&TEXT(D6,0),TEXT(D6,0)) -> 9633 | F6: 35.934
A7: MultiPolygon (((224413.09700000000884756 110874.38039999999455176, 224310.48120000000926666 111311.41839999999501742, 224269.19899999999324791 111484.95720000000437722, 224243.65179999999236315 111592.67299999999522697, 224113.46179999999003485 112131.72960000000603031, 224771.98720000000321306 112293.2114000000001397, 224783.6962000000057742 112240.46799999999348074, 224781.36400000000139698 112176.49959999999555293, 224787.20019999999203719 112150.56040000000211876, 224841.77679999999236315 112072.24619999999413267, 224861.23000000001047738 112040.08500000000640284, 224919.90700000000651926 111882.89780000000610016, 224949.67040000000270084 111819.69280000000435393, 224993.36819999999715947 111761.79799999999522697, 225041.8628000000026077 111713.94379999999364372, 225060.07360000000335276 111690.33920000000216532, 225076.68840000001364388 111602.41120000000228174, 225085.47519999998621643 111575.27899999999499414, 225105.02199999999720603 111527.95780000000377186, 225098.74059999999008141 111473.17260000000533182, 225095.29759999999077991 111385.32660000000032596, 225106.99040000000968575 111292.47719999999389984, 225116.57240000000456348 111254.49199999999837019, 225205.26099999999860302 111087.85760000000300352, 225226.07980000000679865 110931.63800000000628643, 225249.18520000000717118 110852.99000000000523869, 225289.9198000000033062 110744.77599999999802094, 225306.47980000000097789 110693.57399999999324791, 225358.42139999999199063 110627.87739999999757856, 225382.11919999998644926 110582.82159999999566935, 225389.55640000000130385 110463.90119999999296851, 225435.57519999999203719 110391.68839999999909196, 225462.59380000000237487 110346.73540000000502914, 225495.1546000000089407 110312.36299999999755528, 225669.04420000000391155 110346.31179999999585561, 226128.33799999998882413 110443.63019999999960419, 226125.58259999999427237 110462.09159999999974389, 226475.47080000001005828 110542.4370000000053551, 226822.68539999998756684 110626.84880000000703149, 227168.23600000000442378 110704.02959999999438878, 227277.86919999998644926 110730.54739999999583233, 227477.056799999991199 110773.94860000000335276, 228114.33199999999487773 110914.13000000000465661, 228442.23279999999795109 110993.67119999999704305, 228576.95480000000679865 111026.22539999999571592, 228901.68919999999343418 111102.17220000000088476, 228934.95559999998658895 111109.15360000000509899, 229017.52480000001378357 111129.28579999999783468, 229297.15380000000004657 111196.37660000000323635, 229413.0151999999943655 111226.61599999999452848, 229519.12380000000121072 111252.02700000000186265, 229700.93260000000009313 111297.3080000000045402, 229958.40739999999641441 111361.02760000000125729, 230389.6635999999998603 111459.83580000000074506, 230496.13699999998789281 111492.36840000000665896, 230584.86520000000018626 111519.44139999999606516, 230887.04540000000270084 111600.23900000000139698, 231051.5333999999857042 111641.80920000000332948, 231415.7711999999883119 111719.12739999999757856, 231589.70699999999487773 111759.23200000000360887, 231751.05520000000251457 111801.37579999999434222, 231846.85339999999268912 111828.45739999999932479, 232002.08660000000963919 111868.79640000000654254, 232110.34140000000479631 111886.53660000000672881, 232300.42060000001220033 111236.9106000000028871, 232312.30999999999767169 111171.76119999999355059, 232327.87880000000586733 111058.47500000000582077, 232411.38599999999860302 110654.82140000000072177, 232457.72800000000279397 110430.81560000000172295, 232556.56340000001364388 109998.12480000000505242, 232608.08879999999771826 109765.72400000000197906, 232725.18140000000130385 109269.44280000000435393, 232843.93280000000959262 108758.45239999999466818, 232907.03340000001480803 108471.30779999999504071, 232955.67000000001280569 108257.1220000000030268, 232970.2288000000116881 108198.23140000000421423, 232956.04180000000633299 108194.12600000000384171, 233189.59179999999469146 107215.34260000000358559, 233293.75940000000991859 106769.77619999999296851, 233431.53359999999520369 106149.76059999999415595, 233136.91839999999501742 106067.98300000000745058, 233138.53239999999641441 106034.33580000000074506, 233148.58859999998821877 105929.35000000000582077, 233151.80239999998593703 105632.45799999999871943, 233166.23120000000926666 105281.25019999999494758, 232514.65880000000470318 105150.73040000000037253, 232292.59479999999166466 105102.0639999999984866, 232247.99679999999352731 105187.14419999999518041, 232249.48019999999087304 105208.57480000000214204, 232262.39420000000973232 105245.09679999999934807, 232268.85920000000623986 105291.49460000000544824, 232276.45259999998961575 105306.56459999999788124, 232280.71880000000237487 105331.61220000000321306, 232273.28400000001420267 105369.44040000000677537, 232272.38899999999557622 105407.64939999999478459, 232282.52439999999478459 105435.61699999999837019, 232272.19959999999264255 105499.98300000000745058, 232261.43080000000190921 105536.8139999999984866, 232263.79720000000088476 105610.85640000000421423, 232255.0597999999881722 105655.64979999999923166, 232244.55499999999301508 105680.1606000000028871, 232237.79939999998896383 105705.55659999999625143, 232237.40200000000186265 105760.89100000000325963, 232235.2589999999909196 105791.89340000000083819, 232216.26639999999315478 105851.56859999999869615, 231787.07519999999203719 105753.85839999999734573, 231496.36060000001452863 105690.45639999999548309, 231229.10240000000339933 105638.73799999999755528, 230650.20900000000256114 105519.70080000000598375, 230596.94599999999627471 105505.98699999999371357, 230565.08439999999245629 105499.20579999999608845, 230380.00779999999213032 105356.01679999999760184, 230190.00719999999273568 105203.27580000000307336, 230009.73720000000321306 105072.46020000000135042, 229894.38440000000991859 104986.3344000000070082, 229784.11619999998947605 104898.05819999999948777, 229672.26199999998789281 104816.48040000000037253, 229380.7582000000111293 104583.09159999999974389, 229244.81680000000051223 104471.93339999999443535, 229138.0052000000141561 104396.82679999999527354, 228974.97119999999995343 104277.79679999999643769, 228917.16279999999096617 104240.52019999999902211, 228609.43520000000717118 104042.5253999999986263, 227661.07779999999911524 104176.31859999999869615, 227442.1160000000090804 104207.34339999999792781, 227082.26800000001094304 104270.81260000000474975, 226971.92240000001038425 104291.47900000000663567, 226831.55859999998938292 104317.41019999999844003, 226371.63880000001518056 104389.4775999999983469, 225975.98560000001452863 104463.73099999999976717, 225875.41120000000228174 104477.11879999999655411, 225701.29600000000209548 105270.48239999999350403, 225583.34820000000763685 105808.53059999999823049, 225531.47500000000582077 105996.99420000000100117, 225440.99960000001010485 106340.39780000000610016, 225263.00239999999757856 107144.64720000000670552, 225176.25839999999152496 107544.3984000000054948, 225145.87679999999818392 107659.52659999999741558, 225063.36259999999310821 108002.17019999999320135, 225037.41759999998612329 108109.74920000000565778, 224990.6516000000119675 108339.90099999999802094, 224957.07740000000922009 108499.79379999999946449, 224870.95339999999850988 108882.22100000000500586, 224759.22000000000116415 109358.94100000000617001, 224582.49780000001192093 110156.26380000000062864, 224508.09820000000763685 110479.01440000000002328, 224472.16719999999622814 110623.67320000000472646, 224413.09700000000884756 110874.38039999999455176))) | B7: UTA Găgăuzia, sat. Gaidar | C7: sat. Gaidar | D7: 9632 | E7: =IF(LEN(D7)=3,"0"&TEXT(D7,0),TEXT(D7,0)) -> 9632 | F7: 49.99
A8: MultiPolygon (((228371.45780000000377186 126395.2275999999983469, 228547.24960000001010485 126441.61740000000281725, 228948.17220000000088476 126552.12339999999676365, 229180.71539999998640269 126597.91460000000370201, 229387.60399999999208376 126645.06540000000677537, 229522.6098000000056345 126673.16139999999722932, 229605.16159999999217689 126686.55960000000777654, 229915.03839999999036081 126752.84399999999732245, 229995.17480000000796281 126768.00100000000384171, 230263.83259999999427237 126823.15119999999296851, 230273.01560000001336448 126776.63139999999839347, 230299.49259999999776483 126643.30100000000675209, 230306.28880000000935979 126613.11500000000523869, 230353.0560000000114087 126387.81179999999585561, 230374.12880000000586733 126286.53200000000651926, 230417.47800000000279397 126057.56179999999585561, 230470.63200000001234002 125835.24499999999534339, 230500.40919999999459833 125702.4135999999998603, 230544.27780000001075678 125500.59799999999813735, 230621.25140000000828877 125210.57940000000235159, 230621.0234000000054948 125174.30299999999988358, 230629.40119999999296851 125129.95579999999608845, 230669.13459999999031425 124959.87940000000526197, 230730.52139999999781139 124682.02319999999599531, 230749.58900000000721775 124588.78119999999762513, 230756.63380000001052395 124546.68219999999564607, 230804.29939999998896383 124338.08199999999487773, 230859.37899999998626299 124115.80340000000433065, 230896.3628000000026077 123936.81440000000293367, 230943.50800000000162981 123724.12880000000586733, 230966.36999999999534339 123612.1279999999969732, 230971.60360000000218861 123582.64400000000023283, 231025.27520000000367872 123366.59579999999550637, 231128.83759999999892898 122902.47139999999490101, 231135.16940000001341105 122866.23759999999310821, 231176.75380000000586733 122690.95399999999790452, 231204.79199999998672865 122572.57540000000153668, 231222.83859999998821877 122516.04799999999522697, 231249.63479999999981374 122403.69479999999748543, 231288.0712000000057742 122225.33060000000114087, 231304.75140000000828877 122130.30620000000635628, 231447.19479999999748543 121570.42399999999906868, 231470.20139999999082647 121491.68279999999504071, 231524.07360000000335276 121273.39479999999457505, 231537.25440000000526197 121205.66800000000512227, 231559.2288000000116881 121129.84100000000034925, 231579.43160000001080334 121016.43480000000272412, 231625.7552000000141561 120790.89560000000346918, 231689.84619999999995343 120556.42220000000088476, 231643.41579999998793937 120545.1309999999939464, 231345.06460000001243316 120461.99180000000342261, 231304.70360000000800937 120451.93260000000009313, 231219.76680000001215376 120429.25460000000020955, 231124.97099999999045394 120401.93559999999706633, 230950.69560000000637956 120362.0224000000016531, 230869.14739999998710118 120347.39160000000265427, 230801.82579999999143183 120334.4584000000031665, 230668.95680000001448207 120307.95979999999690335, 230462.08000000001629815 120261.74619999999413267, 230282.87539999998989515 120222.26119999999355059, 229913.55160000000614673 120137.13920000000507571, 229703.18619999999646097 120091.22179999999934807, 229641.11040000000502914 120078.61079999999492429, 229481.31919999999809079 120041.39280000000144355, 229283.9409999999916181 119998.03699999999662396, 229163.87220000001252629 119969.24220000000786968, 228921.44560000000637956 119906.05439999999362044, 228647.6309999999939464 119842.08379999999306165, 228360.68559999999706633 119765.85420000000158325, 228290.8961999999883119 119750.63659999999799766, 228028.66920000000391155 119694.75019999999494758, 227940.45259999998961575 119674.27760000000125729, 227791.90320000000065193 119641.71700000000419095, 227410.68040000001201406 119549.43180000000575092, 227377.72820000001229346 119545.9746000000013737, 226519.45559999998658895 119368.86079999999492429, 226404.69479999999748543 119867.35180000000400469, 226263.01959999999962747 120429.26780000000144355, 226096.33540000001084991 121128.0405999999929918, 225984.66519999998854473 121634.57959999999729916, 226299.72860000000218861 121709.03500000000349246, 226068.72539999999571592 122633.80340000000433065, 226036.98860000001150183 122733.02479999999923166, 226053.58699999999953434 122748.9970000000030268, 226039.12140000000363216 122810.88159999999334104, 226009.17999999999301508 122919.77999999999883585, 225718.90919999999459833 124053.95699999999487773, 225630.8720000000030268 124392.44980000000214204, 225601.13899999999557622 124525.54020000000309665, 225585.05360000001383014 124591.16340000000491273, 225579.23000000001047738 124625.85640000000421423, 225529.48800000001210719 124869.43739999999525025, 225470.55199999999604188 125113.5283999999955995, 225426.8545999999914784 125264.91220000000612345, 225321.85819999998784624 125591.79279999999562278, 225289.15599999998812564 125689.53819999999541324, 225570.4726000000082422 125752.45299999999406282, 225629.76079999998910353 125763.87979999999515712, 225650.37020000000484288 125774.26360000000568107, 225660.74199999999837019 125786.776400000002468, 225666.58240000001387671 125797.55620000000635628, 225892.78760000001057051 125843.82360000000335276, 226219.62179999999352731 125917.71020000000135042, 226770.50279999998747371 126035.82439999999769498, 226861.3984000000054948 126059.47800000000279397, 226997.02460000000428408 126093.16319999999541324, 227288.0507999999972526 126164.67399999999906868, 227613.13860000000568107 126240.96980000000621658, 227620.2440000000060536 126235.92960000000311993, 228060.45339999999850988 126336.94659999999566935, 228198.93140000000130385 126360.82439999999769498, 228371.45780000000377186 126395.2275999999983469))) | B8: UTA Găgăuzia, sat. Ferapontievca | C8: sat. Ferapontievca | D8: 9631 | E8: =IF(LEN(D8)=3,"0"&TEXT(D8,0),TEXT(D8,0)) -> 9631 | F8: 33.082
A9: MultiPolygon (((203216.62719999998807907 47578.13040000000182772, 203210.47159999998984858 47555.27419999999983702, 203202.59599999999045394 47508.46680000000196742, 203199.6342000000004191 47456.87720000000263099, 203199.77199999999720603 47401.88380000000324799, 203201.25880000001052395 47310.83559999999852153, 203203.08819999999832362 47246.19120000000111759, 203203.18439999999827705 47244.14040000000386499, 203236.33979999998700805 47249.6728000000002794, 203266.49820000000181608 47252.23200000000360887, 203292.12739999999757856 47256.40439999999944121, 203315.68840000001364388 47257.91320000000268919, 203357.39360000001033768 47258.06799999999930151, 203420.37739999999757856 47259.6154000000024098, 203452.10120000000461005 47266.11499999999796273, 203581.00880000001052395 47277.87600000000384171, 203643.27799999999115244 47303.0290000000022701, 203707.53700000001117587 47323.31480000000010477, 203811.7856000000028871 47391.03080000000045402, 203903.32180000000516884 47329.00600000000122236, 203918.98120000000926666 47326.65600000000267755, 203939.65280000001075678 47335.83239999999932479, 203993.42000000001280569 47364.18839999999909196, 204018.10279999999329448 47371.46179999999731081, 204060.11759999999776483 47426.08879999999771826, 204088.901400000002468 47465.08619999999791617, 204114.89939999999478459 47513.52320000000327127, 204125.5771999999997206 47529.61740000000281725, 204156.83699999999953434 47557.16320000000268919, 204180.04959999999846332 47577.74500000000261934, 204187.63240000000223517 47597.70780000000377186, 204194.55760000000009313 47609.1981999999989057, 204209.80040000000735745 47620.03080000000045402, 204230.80799999998998828 47630.0507999999972526, 204255.87760000000707805 47641.03820000000268919, 204304.0438000000140164 47679.14560000000346918, 204380.14259999999194406 47733.269800000001851, 204389.50500000000465661 47747.81640000000334112, 204393.21900000001187436 47757.41100000000005821, 204393.45120000001043081 47765.69019999999727588, 204368.53620000000228174 47800.973599999997532, 204364.20319999998901039 47817.53179999999701977, 204366.64060000001336448 47896.72580000000016298, 204378.24679999999352731 47966.20900000000256114, 204394.65040000001317821 48042.50140000000101281, 204407.64960000000428408 48094.18820000000414439, 204459.56839999998919666 48262.17059999999764841, 204502.6665999999968335 48372.66300000000046566, 204550.25239999999757856 48503.65980000000126893, 204677.01420000000507571 48883.19299999999930151, 204706.27999999999883585 48960.60139999999955762, 204725.91539999999804422 49002.04179999999905704, 204770.07620000001043081 49067.34100000000034925, 204786.17019999999320135 49092.25579999999899883, 204792.20559999998658895 49113.61160000000381842, 204794.52679999999236315 49152.6088000000017928, 204805.04980000000796281 49202.43860000000131549, 204818.14699999999720603 49364.77859999999782303, 204849.85019999998621643 49408.48980000000301516, 204875.22940000001108274 49432.01200000000244472, 204897.82300000000395812 49449.49880000000121072, 204913.14340000000083819 49455.37939999999798601, 204930.86240000001271255 49459.17079999999987194, 204956.86060000001452863 49460.95040000000153668, 204980.34400000001187436 49453.25160000000323635, 205016.43960000001243316 49459.78979999999864958, 205303.96679999999469146 49528.6154000000024098, 205509.58240000001387671 49578.20339999999850988, 205693.31039999998756684 49622.3654000000024098, 205770.11460000000079162 49640.52339999999821885, 205813.07800000000861473 49650.71379999999771826, 205857.99439999999594875 49661.41100000000005821, 205926.97479999999632128 49677.73720000000321306, 205983.0719999999855645 49691.04579999999987194, 206092.47599999999511056 49717.70660000000498258, 206144.31280000001424924 49730.30419999999867287, 206249.93020000000251457 49756.19599999999627471, 206648.41380000000935979 49855.39140000000043074, 206768.38440000000991859 49877.86899999999877764, 206841.27220000000670552 49892.49300000000221189, 207134.83460000000195578 49959.26799999999639113, 207216.92999999999301508 49971.88019999999960419, 207436.16380000000935979 50032.47499999999854481, 207550.72779999999329448 50063.60899999999674037, 207587.0976000000082422 50074.16960000000108266, 207625.55960000000777654 50086.81199999999807915, 207733.50800000000162981 50114.03839999999763677, 207845.90220000001136214 50143.3654000000024098, 208074.30819999999948777 50198.33899999999994179, 208084.86999999999534339 50197.52659999999741558, 208234.24319999999715947 50236.7948000000033062, 208404.64379999999073334 50277.70199999999749707, 208596.20559999998658895 50315.3308000000033644, 208683.48519999999552965 50330.49640000000363216, 208808.7173999999940861 50363.34240000000136206, 209465.65940000000409782 50521.75839999999880092, 209512.3697999999858439 50533.8779999999969732, 209719.0204000000085216 50578.46560000000317814, 209810.88440000000991859 50599.56979999999748543, 210127.8212000000057742 50677.90479999999661231, 210831.67939999999362044 50845.64319999999861466, 210845.8000000000174623 50858.83000000000174623, 210930.62580000000889413 50477.51499999999941792, 211036.74460000000544824 50073.51520000000164146, 211143.09039999998640269 49667.93779999999969732, 211284.56179999999585561 49135.68980000000010477, 211289.37340000001131557 49120.32340000000112923, 211181.75740000000223517 49093.3430000000007567, 210427.57079999998677522 48907.44039999999949941, 207570.62979999999515712 48223.64759999999660067, 207256.28099999998812564 48150.11860000000160653, 207124.85899999999674037 48125.13760000000183936, 207278.65599999998812564 47473.0731999999989057, 208799.04639999999199063 41105.48520000000280561, 208819.23159999999916181 41032.33920000000216532, 208838.75680000000284053 40911.27279999999882421, 208870.60240000000339933 40754.19419999999809079, 208969.71059999999124557 40365.66240000000107102, 209007.87820000000647269 40204.32239999999728752, 208923.2233999999880325 40182.45279999999911524, 208661.45999999999185093 40115.62440000000060536, 208491.02600000001257285 40077.4558000000033644, 208027.09220000001369044 39965.39560000000346918, 207698.43940000000293367 39892.08439999999973224, 206347.27840000001015142 39573.27980000000388827, 205915.80119999998714775 39461.95399999999790452, 205555.31219999998575076 39373.47499999999854481, 205065.72640000001410954 39251.48180000000138534, 204229.49960000001010485 39044.13779999999678694, 202954.61100000000442378 38727.31279999999969732, 202708.84679999999934807 38666.85499999999592546, 202554.81260000000474975 38653.57200000000011642, 202256.41579999998793937 38624.95739999999932479, 202073.26800000001094304 38606.18020000000251457, 201610.24660000001313165 38568.81360000000131549, 201591.84899999998742715 39577.22639999999955762, 201511.57320000001345761 40634.73079999999754364, 201543.47080000001005828 41120.05720000000292202, 201628.42079999999259599 41621.90080000000307336, 201461.50640000001294538 41696.47720000000117579, 201527.73399999999674037 42037.5385999999998603, 201550.66779999999562278 42049.93779999999969732, 201725.44539999999688007 42340.05019999999785796, 201980.79360000000451691 42770.87920000000303844, 201876.65359999999054708 42810.85199999999895226, 201938.9439999999885913 42880.97980000000097789, 201974.93840000001364388 42923.55159999999887077, 201932.973599999997532 42933.94720000000233995, 201939.3508000000147149 42976.18800000000192085, 202030.58900000000721775 43611.05760000000009313, 202277.48620000001392327 43925.72980000000097789, 202357.65679999999701977 44277.23580000000220025, 202525.18340000000898726 44188.74300000000221189, 202670.54899999999906868 44636.69860000000335276, 202777.75219999998807907 45043.03040000000328291, 202809.18140000000130385 45196.29720000000088476, 202819.27559999999357387 45351.27259999999660067, 202804.37359999999171123 45445.67519999999785796, 202785.77199999999720603 45518.81799999999930151, 202744.22399999998742715 45730.18940000000293367, 202740.46940000000176951 45747.47939999999653082, 202826.93359999998938292 45755.57860000000073342, 202832.5771999999997206 47541.19219999999768334, 202833.44659999999566935 47637.77479999999923166, 202790.30059999998775311 47646.91539999999804422, 203121.15799999999580905 47578.2058000000033644, 203192.07740000000922009 47573.03519999999844003, 203192.19539999999688007 47582.70720000000437722, 203208.3129999999946449 47579.45019999999931315, 203216.62719999998807907 47578.13040000000182772))) | B9: UTA Găgăuzia, com. Etulia | C9: com. Etulia | D9: 9629 | E9: =IF(LEN(D9)=3,"0"&TEXT(D9,0),TEXT(D9,0)) -> 9629 | F9: 62.512
A10: MultiPolygon (((210144.65520000000833534 146020.33139999999548309, 210200.89120000001275912 146295.06979999999748543, 210208.50640000001294538 146340.17619999998714775, 210210.26420000000507571 146382.5, 210209.09260000000358559 146448.10939999998663552, 210209.67840000000433065 146540.51840000000083819, 210224.90880000000470318 146657.09220000001369044, 210222.56560000000172295 146916.01420000000507571, 210206.99379999999655411 147000.79060000000754371, 210217.05040000000735745 147419.83079999999608845, 210503.79360000000451691 147438.37539999998989515, 210572.4825999999884516 147441.58559999999124557, 210730.95259999998961575 147448.0652000000118278, 210842.79139999998733401 147452.33859999998821877, 210938.70240000000922009 147450.84640000000945292, 210979.81059999999706633 147442.74619999999413267, 211086.61559999999008141 147417.16300000000046566, 211147.53880000000935979 147402.5181999999913387, 211203.77480000001378357 147385.53020000000833534, 211288.0590000000083819 147336.11939999999594875, 211325.15900000001420267 147311.27999999999883585, 211371.54920000000856817 147285.3189999999885913, 211405.15919999999459833 147264.38000000000465661, 211463.86859999998705462 147227.36499999999068677, 211499.60219999999389984 147201.59020000000600703, 211533.10659999999916181 147186.51500000001396984, 211544.70860000001266599 147216.82060000000637956, 211558.76780000000144355 147286.53059999999823049, 211572.81979999999748543 147381.65419999998994172, 211582.58780000000842847 147439.09179999999469146, 211605.02559999999357387 147554.45559999998658895, 211614.61799999998765998 147601.63740000000689179, 211617.40979999999399297 147635.29899999999906868, 211620.15900000001420267 147668.44820000001345761, 211629.78680000000167638 147708.72399999998742715, 211664.41579999998793937 147724.5448000000033062, 211839.74940000000060536 147745.55499999999301508, 212013.41219999999157153 147769.79899999999906868, 212057.79899999999906868 147779.12820000000647269, 212310.23699999999371357 147810.098599999997532, 212373.58720000000903383 147813.75940000000991859, 212513.17600000000675209 147833.21840000001247972, 212641.34560000000055879 147855.34880000000703149, 212718.73980000001029111 147874.30939999999827705, 212824.03640000001178123 147874.21780000001308508, 212882.18299999998998828 147873.44120000000111759, 213036.91519999998854473 147885.41800000000512227, 213124.4818000000086613 147903.71580000000540167, 213295.20999999999185093 147935.38260000001173466, 213490.73800000001210719 147967.00459999998565763, 213578.34299999999348074 147982.46520000000600703, 213657.92819999999483116 147989.70199999999022111, 213769.09739999999874271 148006.31580000001122244, 213881.11240000001271255 148020.50959999999031425, 214038.53659999999217689 148043.87580000000889413, 214137.90179999999236315 148061.53419999999459833, 214307.18460000000777654 148079.8030000000144355, 214468.36559999999008141 148095.92720000000554137, 214678.69599999999627471 148115.19779999999445863, 214696.62979999999515712 148111.80999999999767169, 214890.89180000001215376 148207.0560000000114087, 214980.99859999999171123 148187.79279999999562278, 215076.22119999999995343 148181.0689999999885913, 215225.91699999998672865 148204.72839999999268912, 215352.92199999999138527 148222.78839999999036081, 215409.62179999999352731 148229.4135999999998603, 215486.3030000000144355 148220.26720000000204891, 215532.99660000001313165 148209.5953999999910593, 215569.80580000000190921 148193.30739999999059364, 215762.56140000000596046 148084.02420000001438893, 215838.27139999999781139 148044.95060000001103617, 216112.33619999999064021 147907.70459999999729916, 216393.16560000000754371 147764.13000000000465661, 216475.83559999999124557 147723.57839999999850988, 216565.55220000000554137 147672.99499999999534339, 216618.12140000000363216 147646.34679999999934807, 216699.76259999998728745 147592.49319999999715947, 216735.78400000001420267 147574.49580000000423752, 216862.57839999999850988 147508.35719999999855645, 216925.88339999999152496 147471.52820000000065193, 216942.36220000000321306 147465.47239999999874271, 217003.4228000000002794 147432.0923999999940861, 217169.77139999999781139 147338.5478000000002794, 217279.8515999999945052 147264.57180000000516884, 217343.3007999999972526 147229.72860000000218861, 217489.14280000000144355 147156.85260000001289882, 217665.76780000000144355 147067.17259999999077991, 217678.83739999998942949 147055.76339999999618158, 217750.3037999999942258 147013.72500000000582077, 217807.97539999999571592 146982.67300000000977889, 217952.69260000000940636 146905.30220000000554137, 218071.42739999998593703 146846.38159999999334104, 218110.47440000000642613 146820.41459999998915009, 218166.27979999998933636 146786.71600000001490116, 218323.30939999999827705 146705.64160000000265427, 218463.72000000000116415 146628.2265999999945052, 218638.41039999999338761 146524.09059999999590218, 218760.20999999999185093 146455.75459999998565763, 218913.30840000000898726 146371.51300000000628643, 218917.42900000000372529 146367.10519999999087304, 219048.78059999999823049 146298.90040000001317821, 219299.87140000000363216 146164.56320000000414439, 219400.94640000001527369 146111.77059999998891726, 219595.84880000000703149 146013.33699999999953434, 219687.96940000000176951 145970.1339999999909196, 219844.61259999999310821 145883.41399999998975545, 219931.44959999999264255 145835.17339999999967404, 220313.93580000000656582 145622.94260000000940636, 220411.80879999999888241 145565.01240000000689179, 220477.35219999999389984 145522.53239999999641441, 220544.07879999998840503 145493.18379999999888241, 220694.96100000001024455 145414.54879999998956919, 220702.2948000000033062 145420.70240000000922009, 220725.69339999998919666 145408.24520000000484288, 220873.28880000000935979 145318.81500000000232831, 220917.2084000000031665 145285.77939999999944121, 221022.58879999999771826 145227.91560000000754371, 221103.93780000001424924 145195.86699999999837019, 221261.07540000000153668 145101.84919999999692664, 221433.77700000000186265 145002.32819999998901039, 221524.0029999999969732 144952.45279999999911524, 221610.83600000001024455 144904.54860000000917353, 221834.6962000000057742 144781.2440000000060536, 221980.26639999999315478 144703.42420000000856817, 222104.42300000000977889 144630.51999999998952262, 222595.74859999999171123 144358.36639999999897555, 222637.92339999999967404 144339.40340000001015142, 222698.51399999999557622 144325.73540000000502914, 222784.96539999998640269 144284.33859999998821877, 222844.96020000000135042 144247.00800000000162981, 222970.83699999999953434 144178.6342000000004191, 223130.90499999999883585 144087.08919999998761341, 223200.97500000000582077 144052.93160000001080334, 223351.59320000000298023 143974.69440000000759028, 223430.43220000001019798 143915.80179999998654239, 223492.18499999999767169 143881.90040000001317821, 223654.01439999998547137 143785.14340000000083819, 223724.86919999998644926 143745.44479999999748543, 223808.53159999998752028 143699.12280000001192093, 223950.75979999999981374 143621.44159999999101274, 224045.6015999999945052 143570.33699999999953434, 224254.09580000001005828 143462.29039999999804422, 224354.19560000000637956 143401.8129999999946449, 224517.0916000000142958 143310.59380000000237487, 224638.4023999999917578 143241.53899999998975545, 224751.02600000001257285 143181.11319999999250285, 224817.64060000001336448 143141.37440000000060536, 224872.4492000000027474 143105.67939999999362044, 224850.8515999999945052 143044.66120000000228174, 224516.15260000000125729 142497.31779999998980202, 224258.05960000000777654 142023.41300000000046566, 224241.98660000000381842 141999.23459999999613501, 224123.41219999999157153 141800.24239999998826534, 224093.80619999999180436 141746.36559999999008141, 224072.23920000001089647 141708.83160000000498258, 224063.28659999999217689 141709.3954000000085216, 224054.30720000001019798 141714.24059999999008141, 224018.84799999999813735 141728.27760000000125729, 223969.95379999998840503 141656.7885999999998603, 223940.3779999999969732 141613.91419999999925494, 223912.54980000000796281 141574.2674000000115484, 223855.11160000000381842 141494.24199999999837019, 223615.6038000000116881 141242.88740000000689179, 223555.98360000000684522 141180.37820000000647269, 223316.29699999999138527 140952.90040000001317821, 223295.62380000000121072 140935.92739999998593703, 223026.2295999999914784 140707.78119999999762513, 223001.17300000000977889 140685.43140000000130385, 222783.26319999998668209 140486.9379999999946449, 222716.25500000000465661 140427.96940000000176951, 222624.01639999999315478 140330.91579999998793937, 222598.74199999999837019 140307.02480000001378357, 222586.37160000001313165 140300.49299999998765998, 222532.20920000001206063 140280.78299999999580905, 222497.36540000000968575 140250.01360000000568107, 222460.36639999999897555 140239.09580000001005828, 222430.55139999999664724 140226.99720000001252629, 222360.5507999999972526 140116.72279999998863786, 222239.25479999999515712 140165.44039999999222346, 222165.41000000000349246 140198.34440000000176951, 222127.48939999999129213 140225.4195999999938067, 222078.97519999998621643 140268.69260000000940636, 221997.89960000000428408 140314.70279999999911524, 221900.08160000000498258 140351.91399999998975545, 221835.34619999999995343 140386.64699999999720603, 221735.13519999998970889 140437.54000000000814907, 221689.58900000000721775 140459.41099999999278225, 221610.23840000000200234 140498.76379999998607673, 221537.20680000001448207 140369.51980000000912696, 221441.85959999999613501 140202.98720000000321306, 221273.14999999999417923 139898.65040000001317821, 221148.20459999999729916 139674.54240000000572763, 221094.14759999999660067 139577.12839999998686835, 221074.61199999999371357 139556.8901999999943655, 221027.21859999999287538 139536.36819999999715947, 220986.00620000000344589 139505.05180000001564622, 220974.35060000000521541 139478.02760000000125729, 220973.58759999999892898 139435.54139999998733401, 220967.32480000000214204 139434.69640000001527369, 220960.41180000000167638 139461.29099999999743886, 220955.66920000000391155 139468.09140000000479631, 220932.81880000000819564 139485.95040000000153668, 220919.05700000000069849 139500.20999999999185093, 220906.90260000000125729 139516.12440000000060536, 220901.18280000000959262 139529.71780000001308508, 220898.80340000000433065 139546.62280000001192093, 220891.73120000000926666 139566.90940000000409782, 220882.12959999998565763 139571.25440000000526197, 220852.4733999999880325 139573.79899999999906868, 220837.3304000000061933 139579.47419999999692664, 220818.74840000001131557 139588.6045999999914784, 220808.27160000000731088 139592.71700000000419095, 220779.8030000000144355 139591.27160000000731088, 220769.33000000001629815 139595.1332000000111293, 220764.11960000000544824 139599.58179999998537824, 220751.48800000001210719 139622.42199999999138527, 220732.29339999999501742 139647.80100000000675209, 220716.2674000000115484 139627.88080000001355074, 220703.84320000000298023 139627.82380000001285225, 220697.36319999999250285 139641.90799999999580905, 220690.33420000001206063 139650.58840000000782311, 220671.18820000000414439 139663.98459999999613501, 220656.8924000000115484 139671.80559999999240972, 220647.31039999998756684 139674.80180000001564622, 220586.47179999999934807 139681.280399999988731, 220570.28479999999399297 139689.70079999999143183, 220547.02499999999417923 139709.81260000000474975, 220536.52720000001136214 139646.3219999999855645, 220533.12580000000889413 139629.92840000000433065, 220531.63899999999557622 139602.70860000001266599, 220537.0923999999940861 139547.01259999998728745, 220541.60360000000218861 139478.42519999999785796, 220545.82779999999911524 139420.95439999998779967, 220550.65080000000307336 139391.34899999998742715, 220559.79500000001280569 139349.40020000000367872, 220564.92960000000311993 139332.89660000000731088, 220572.13759999998728745 139277.36739999998826534, 220571.99979999999050051 139260.95879999999306165, 220567.26600000000325963 139241.25159999998868443, 220554.36520000000018626 139213.55059999998775311, 220533.41639999998733401 139169.6698000000033062, 220498.93080000000190921 139115.92819999999483116, 220482.32779999999911524 139088.20420000000740401, 220477.51600000000325963 139078.18919999999343418, 220476.37959999998565763 139070.03200000000651926, 220477.40080000000307336 139051.58559999999124557, 220485.25940000000991859 139020.36220000000321306, 220493.97740000000339933 138990.46900000001187436, 220528.23540000000502914 138895.84200000000419095, 220538.6454000000085216 138870.41260000001057051, 220515.28659999999217689 138871.43419999998877756, 220291.50479999999515712 138820.08879999999771826, 220126.1197999999858439 138784.95960000000195578, 220042.62520000000949949 138768.50039999998989515, 219806.7233999999880325 138713.43239999999059364, 219480.09340000001247972 138643.47839999999268912, 219421.22700000001350418 138631.96539999998640269, 219324.14999999999417923 138610.3060000000114087, 219282.99760000000242144 138600.76120000000810251, 219256.60240000000339933 138594.82099999999627471, 219202.15479999998933636 138584.70459999999729916, 219160.41000000000349246 138584.32600000000093132, 219115.99220000000786968 138571.98920000001089647, 219022.23099999999976717 138546.70819999999366701, 218866.79000000000814907 138499.44080000001122244, 218580.02400000000488944 138432.75740000000223517, 218477.28479999999399297 138408.83319999999366701, 218363.14499999998952262 138388.94980000000214204, 217988.50839999999152496 138291.24239999998826534, 217738.86660000000847504 138229.77179999998770654, 217518.9195999999938067 138190.21460000000661239, 217254.69760000001406297 138134.54219999999622814, 217040.40960000001359731 138083.56280000001424924, 216821.59500000000116415 138034.5211999999883119, 216638.13360000000102445 137995.97099999999045394, 216514.61859999998705462 137961.25479999999515712, 216272.55220000000554137 137894.39000000001396984, 215688.09400000001187436 137748.26660000000265427, 215380.92379999998956919 137688.99780000001192093, 215125.7773999999917578 137627.95160000000032596, 214691.89900000000488944 137511.92139999999199063, 214529.37859999999636784 137477.66300000000046566, 214404.69039999999222346 137466.24059999999008141, 213153.16479999999864958 137171.53640000001178123, 213002.27220000000670552 137138.67240000001038425, 213009.29980000000796281 137158.6780000000144355, 213073.88159999999334104 137475.35480000000097789, 213106.10000000000582077 137690.34220000001369044, 213132.29899999999906868 137827.96220000000903383, 213154.63260000001173466 137927.89499999998952262, 213178.60339999999268912 138113.43239999999059364, 213230.87440000000060536 138409.11439999999129213, 213268.8189999999885913 138635.23680000001331791, 213322.35719999999855645 138947.75320000000647269, 213377.70860000001266599 139250.94800000000395812, 213396.63899999999557622 139365.13860000000568107, 213391.18059999999240972 139384.24280000000726432, 213384.81260000000474975 139400.34479999999166466, 213361.43260000000009313 139442.10099999999511056, 213330.95680000001448207 139500.41399999998975545, 213281.10399999999208376 139600.84700000000884756, 213231.79680000001098961 139710.37719999998807907, 213164.02220000000670552 139866.030399999988731, 213058.76699999999254942 140107.01500000001396984, 212954.55100000000675209 140305.39420000000973232, 212854.98740000001271255 140509.37179999999352731, 212835.1879999999946449 140552.70800000001327135, 212806.54579999999259599 140612.473599999997532, 212719.60699999998905696 140778.71160000000963919, 212656.33660000000963919 140905.72640000001410954, 212537.46580000000540167 141134.97219999998924322, 212385.72380000000703149 141450.64480000000912696, 212227.40580000000772998 141747.42220000000088476, 212153.74379999999655411 141882.57980000000679865, 212009.4614000000001397 142167.3219999999855645, 211883.2826000000059139 142398.29980000000796281, 211742.95160000000032596 142640.76199999998789281, 211584.78700000001117587 142914.91479999999864958, 211486.05119999998714775 143099.73900000000139698, 211435.48740000001271255 143202.47060000000055879, 211374.70079999999143183 143392.21400000000721775, 211332.71679999999469146 143489.23560000001452863, 211262.01279999999678694 143502.46840000001247972, 211172.38560000000870787 143508.32639999999082647, 211093.06880000000819564 143508.51439999998547137, 209382.71220000000903383 143453.18460000000777654, 209382.45900000000256114 143579.17739999998593703, 209393.70499999998719431 143633.33240000001387671, 209415.57380000001285225 143678.63479999999981374, 209417.60719999999855645 143712.16240000000107102, 209455.95939999999245629 143722.69560000000637956, 209494.64879999999538995 144104.22239999999874271, 209716.08179999998537824 144342.20620000001508743, 209744.20019999999203719 144383.21199999999953434, 209753.57300000000395812 144412.50159999998868443, 209754.15859999999520369 144524.38880000001518056, 209768.80340000000433065 144702.47080000001005828, 209777.59059999999590218 144809.08600000001024455, 209765.87380000000121072 144872.9379999999946449, 209775.24679999999352731 144961.3931999999913387, 209813.32360000000335276 145079.72380000000703149, 209880.69080000001122244 145258.97779999999329448, 209981.44719999999506399 145525.51500000001396984, 210021.86799999998765998 145602.25419999999576248, 210043.5415999999968335 145650.28979999999864958, 210144.65520000000833534 146020.33139999999548309))) | B10: UTA Găgăuzia, sat. Dezghingea | C10: sat. Dezghingea | D10: 9628 | E10: =IF(LEN(D10)=3,"0"&TEXT(D10,0),TEXT(D10,0)) -> 9628 | F10: 99.738
A11: MultiPolygon (((208903.17939999999362044 117518.65499999999883585, 208897.46979999999166466 117484.52160000000731088, 208907.50740000000223517 117369.14620000000286382, 208936.13219999999273568 117313.74139999999897555, 208945.5864000000001397 117259.59679999999934807, 208960.55760000000009313 117158.80419999999867287, 208986.00719999999273568 116985.76660000000265427, 209002.54879999998956919 116936.0448000000033062, 209050.94719999999506399 116890.78239999999641441, 209018.7417999999888707 116839.11040000000502914, 209013.28520000001299195 116738.21540000000095461, 209018.9347999999881722 116646.4419999999954598, 209040.79300000000512227 116546.19659999999566935, 209081.54259999998612329 116231.40459999999438878, 209076.79500000001280569 116125.55920000000332948, 209097.81979999999748543 116021.07700000000477303, 209102.12299999999231659 115934.18099999999685679, 209112.71059999999124557 115890.10219999999389984, 209173.78880000000935979 115761.48900000000139698, 209255.01420000000507571 115598.92019999999320135, 209283.5530000000144355 115504.75579999999899883, 209312.93840000001364388 115404.93880000000353903, 209344.18580000000656582 115362.59780000000318978, 209343.40200000000186265 115328.02100000000791624, 209263.24840000001131557 115325.84260000000358559, 209269.40400000000954606 115205.57499999999708962, 209270.99499999999534339 115136.34639999999490101, 209276.71880000000237487 115035.62279999999736901, 209286.75800000000162981 114946.11740000000281725, 209315.19260000000940636 114807.69999999999708962, 209322.28299999999580905 114772.10279999999329448, 209325.29200000001583248 114725.66499999999359716, 209326.05780000000959262 114651.4003999999986263, 209362.35839999999734573 114639.86500000000523869, 209401.66080000001238659 114637.73759999999310821, 209431.77299999998649582 114648.51140000000305008, 209492.24020000000018626 114677.52800000000570435, 209531.05799999998998828 114673.76240000000689179, 209580.35500000001047738 114658.98080000000481959, 209693.24379999999655411 114602.55620000000635628, 209694.49799999999231659 114483.95200000000477303, 209745.53680000000167638 114428.57820000000356231, 209840.58780000000842847 114291.46659999999974389, 209966.54939999998896383 114352.89059999999881256, 209998.23019999999087304 114353.94239999999990687, 210056.60540000000037253 114355.08139999999548309, 210080.02840000001015142 114340.35400000000663567, 210174.07560000001103617 114240.16240000000107102, 210232.04420000000391155 114272.11299999999755528, 210226.83559999999124557 114121.17600000000675209, 210219.5652000000118278 113884.17220000000088476, 210473.0893999999971129 113897.68140000000130385, 210556.41459999998915009 113487.54559999999764841, 210011.6879999999946449 113433.28639999999722932, 209964.80799999998998828 113419.64699999999720603, 209895.72860000000218861 113284.78119999999762513, 209908.87900000001536682 113069.48919999999634456, 210021.06219999998575076 112635.27199999999720603, 210048.49580000000423752 112533.81560000000172295, 210044.56859999999869615 112516.5742000000027474, 210033.12659999998868443 112516.02559999999357387, 209972.34880000000703149 112534.41340000000491273, 209834.25239999999757856 112578.63159999999334104, 209800.61840000000665896 112585.33920000000216532, 209181.33179999998537824 112553.69359999999869615, 209209.38920000000507571 112448.9838000000017928, 208386.32600000000093132 112119.86460000000079162, 207605.59820000000763685 111808.47199999999429565, 207496.375 111768.73420000000623986, 207444.72440000000642613 111891.28220000000146683, 207315.26720000000204891 112211.95059999999648426, 207247.15359999999054708 112371.36160000000381842, 207204.6847999999881722 112471.2753999999986263, 207112.77220000000670552 112686.28539999999338761, 207010.19140000001061708 112903.9624000000039814, 206920.125 113087.17220000000088476, 206818.15960000001359731 113297.46319999999832362, 206698.13959999999497086 113542.2216000000044005, 206544.67840000000433065 113859.40219999999681022, 206451.12460000001010485 114049.58759999999892898, 206412.55400000000372529 114131.03680000000167638, 206355.72419999999692664 114250.64639999999781139, 206255.60500000001047738 114456.8344000000070082, 206154.87040000001434237 114669.99779999999736901, 206070.54879999998956919 114840.48739999999816064, 205948.47740000000339933 115111.09619999999995343, 205840.35699999998905696 115352.36680000000342261, 205721.77319999999599531 115619.69299999999930151, 205682.40040000001317821 115699.27740000000630971, 205715.75219999998807907 115736.93499999999767169, 205761.50320000000647269 115792.12360000000626314, 205786.53299999999580905 115827.41139999999722932, 205846.64559999998891726 115894.08900000000721775, 205920.50380000000586733 115971.43520000000717118, 205958.86919999998644926 116009.18499999999767169, 205975.89759999999660067 116027.85480000000097789, 205999.901400000002468 116045.90899999999965075, 206041.54939999998896383 116087.55700000000069849, 206120.12659999998868443 116164.69800000000395812, 206195.42100000000209548 116245.9419999999954598, 206257.99559999999473803 116308.7216000000044005, 206330.62280000001192093 116385.04200000000128057, 206380.47740000000339933 116435.71700000000419095, 206439.76920000000973232 116489.26440000000002328, 206582.81640000001061708 116617.84519999999611173, 206688.86400000000139698 116742.93219999999564607, 206807.85800000000745058 116858.23300000000745058, 206852.99319999999715947 116904.18959999999788124, 206902.64280000000144355 116958.35240000000339933, 206933.21179999999003485 116984.71580000000540167, 206959.4726000000082422 117004.82180000000516884, 206995.99139999999897555 117028.82580000000598375, 207047.69239999999990687 117058.98459999999613501, 207112.9340000000083819 117092.42600000000675209, 207245.87899999998626299 117157.66760000000067521, 207327.12340000001131557 117194.8018000000010943, 207416.55480000001261942 117225.38000000000465661, 207480.98459999999613501 117239.57219999999506399, 207663.04019999998854473 117309.31600000000617001, 207754.89780000000610016 117335.14299999999639113, 207858.69820000001345761 117360.47019999999611173, 207930.50500000000465661 117370.31799999999930151, 208098.73759999999310821 117396.98900000000139698, 208238.32039999999688007 117418.99520000000484288, 208287.48219999999855645 117423.48600000000442378, 208355.59619999999995343 117432.10279999999329448, 208428.2233999999880325 117443.38680000000749715, 208507.41579999998793937 117455.08100000000558794, 208594.81479999999282882 117471.08359999999811407, 208787.99340000000665896 117503.401400000002468, 208903.17939999999362044 117518.65499999999883585))) | B11: UTA Găgăuzia, sat. Cotovscoe | C11: sat. Cotovscoe | D11: 9627 | E11: =IF(LEN(D11)=3,"0"&TEXT(D11,0),TEXT(D11,0)) -> 9627 | F11: 15.843
A12: MultiPolygon (((210410.81359999999403954 78991.526400000002468, 210481.22640000001410954 79025.37459999999555293, 210533.25260000000707805 79053.1635999999998603, 210574.20499999998719431 79070.71460000000661239, 210655.90059999999357387 79094.53380000000470318, 210691.42040000000270084 79098.08560000000579748, 210754.93840000001364388 79115.42759999999543652, 210875.07899999999790452 79146.76859999999578577, 210910.59899999998742715 79158.05139999999664724, 211010.05460000000311993 79185.42260000000533182, 211160.70060000001103617 79223.86740000000281725, 211256.81320000000414439 79251.23859999999694992, 211277.91620000000693835 79252.7011999999958789, 211361.07440000001224689 79274.53539999999338761, 211577.11879999999655411 79337.21719999999913853, 211646.90479999998933636 79353.93240000000514556, 211748.44980000000214204 79384.43760000000474975, 212063.11400000000139698 79471.35659999999916181, 212178.4492000000027474 79504.78699999999662396, 212474.7265999999945052 79580.42320000000472646, 212638.53580000001238659 79626.38999999999941792, 212778.10800000000745058 79664.83500000000640284, 212954.03580000001238659 79714.98040000000037253, 213196.82459999999264255 79788.10940000000118744, 213389.88560000000870787 79842.43379999999888241, 213505.63839999999618158 79872.52120000000286382, 213661.09020000000600703 79907.2051999999966938, 213684.07360000000335276 79912.63760000000183936, 213769.84359999999287538 79937.60580000000481959, 213785.42660000000614673 79947.25780000000668224, 213783.47159999998984858 79894.69239999999990687, 213780.8159999999916181 78599.51180000000749715, 213809.31239999999525025 78599.83999999999650754, 213810.31140000000596046 78249.44400000000314321, 213808.29180000000633299 77385.09059999999590218, 214137.59880000000703149 77417.3393999999971129, 214067.69279999998980202 78372.02779999999620486, 214068.78159999998752028 78491.95679999999993015, 214095.58619999999064021 78571.47879999999713618, 214194.76399999999557622 78739.45679999999993015, 214306.45300000000861473 78684.95179999999527354, 214470.15900000001420267 78940.82339999999385327, 214931.1332000000111293 78802.53740000000107102, 214996.32260000001406297 78782.89699999999720603, 214992.14400000000023283 79147.91560000000754371, 215012.45160000000032596 79259.12399999999615829, 214998.71580000000540167 79517.41800000000512227, 214994.23139999998966232 79544.17560000000230502, 215262.38260000001173466 79820.99280000000726432, 215432.68900000001303852 79978.61380000000644941, 215563.86939999999594875 80099.21779999999853317, 215648.6992000000027474 80009.37339999999676365, 215769.88459999999031425 80038.20720000000437722, 216144.77999999999883585 80125.25079999999434222, 216198.91820000001462176 80137.92459999999846332, 216230.6698000000033062 80145.35779999999795109, 216259.64079999999376014 80178.61460000000079162, 216266.73800000001210719 80182.40080000000307336, 216276.77400000000488944 80182.79339999999501742, 216323.57519999999203719 80183.72440000000642613, 216371.83120000001508743 80189.49760000000242144, 216463.56659999999101274 80203.68739999999525025, 216561.67639999999664724 80228.58779999999387655, 216606.80720000001019798 80234.62579999999434222, 216657.88120000000344589 80243.8037999999942258, 216836.73420000000623986 80284.7559999999939464, 217076.5976000000082422 80336.15519999999378342, 217411.32019999998738058 80416.38800000000628643, 217653.55179999998654239 80468.05499999999301508, 217850.44219999999040738 80515.14359999999578577, 217906.09100000001490116 80533.81220000000030268, 218499.49359999998705462 80686.09780000000318978, 218549.17220000000088476 80700.79720000000088476, 218774.82540000000153668 80746.13740000000689179, 219165.58360000001266599 80828.10379999999713618, 219270.17819999999483116 80850.0731999999989057, 219361.98759999999310821 80867.80240000000048894, 219507.82800000000861473 80893.71080000000074506, 219561.53059999999823049 80898.77619999999296851, 219731.20339999999850988 80929.57980000000679865, 219947.79440000001341105 80980.46279999999387655, 220027.83160000000498258 80996.70200000000477303, 220146.00239999999757856 81025.84579999999550637, 220251.12359999999171123 81052.6698000000033062, 220452.95660000000498258 81103.41800000000512227, 220525.7440000000060536 81120.38219999999273568, 220557.78119999999762513 81127.73179999999410938, 220756.72080000001005828 81173.30499999999301508, 220837.77299999998649582 81192.29919999999401625, 220963.33840000000782311 81222.7480000000068685, 221088.32399999999324791 81250.4419999999954598, 221246.6583999999857042 81288.57540000000153668, 221369.03400000001420267 81315.97920000000158325, 221417.0273999999917578 81326.99880000000121072, 221467.92060000001220033 81335.69839999999385327, 221556.94740000000456348 81357.73759999999310821, 221683.96299999998882413 81384.41640000000188593, 221797.0590000000083819 81412.4003999999986263, 221869.99139999999897555 81430.81459999999788124, 222000.05179999998654239 81460.10339999999268912, 222214.06419999999343418 81507.37140000000363216, 222366.01879999999073334 81542.89500000000407454, 222471.57500000001164153 81568.12399999999615829, 222484.78059999999823049 81567.10400000000663567, 222482.56659999999101274 81585.32200000000011642, 222506.27319999999599531 81591.08839999999327119, 222668.83199999999487773 81624.03340000000025611, 222796.16180000000167638 81660.09159999999974389, 222854.24739999999292195 81675.1352000000042608, 223015.54920000000856817 81715.6695999999938067, 223187.29819999999017455 81756.62179999999352731, 223346.09299999999348074 81790.88779999999678694, 223526.19959999999264255 81833.09380000000237487, 223622.73000000001047738 81856.49499999999534339, 223774.83859999998821877 81890.76099999999860302, 223944.0804000000061933 81930.45960000000195578, 224208.1810000000114087 81987.70919999999750871, 224357.18520000000717118 82017.66340000000491273, 224483.38519999998970889 82048.16860000000451691, 224626.71820000000298023 82081.59900000000197906, 224807.6606000000028871 82120.04379999999946449, 224938.87520000000949949 82151.80280000000493601, 225138.62220000001252629 82197.7694000000046799, 225282.37320000000181608 82230.36400000000139698, 225449.1075999999884516 82269.64479999999457505, 225648.8545999999914784 82318.95459999999729916, 225840.66180000000167638 82364.50340000000142027, 226068.40679999999701977 82415.06680000000051223, 226276.51139999998849817 82467.71959999999671709, 226392.26439999998547137 82494.88180000000284053, 226602.87640000000828877 82542.10219999999389984, 226712.36100000000442378 82568.42859999999927823, 226961.00020000000949949 82623.1708000000071479, 227098.48279999999795109 82653.67600000000675209, 227331.66039999999338761 82705.91099999999278225, 227773.36040000000502914 82817.4848000000056345, 228337.49940000000060536 82949.95260000000416767, 228621.99299999998765998 83014.9716000000044005, 228640.25719999999273568 82911.30680000000575092, 228652.08400000000256114 82856.14459999999962747, 228709.00560000000405125 82606.94359999999869615, 228806.49679999999352731 82179.20020000000658911, 228917.14060000001336448 81724.82660000000032596, 229001.29939999998896383 81361.3496000000013737, 229193.01579999999376014 80563.71779999999853317, 229220.46499999999650754 80449.76300000000628643, 229535.11799999998765998 79082.92939999999362044, 229610.7226000000082422 78766.87179999999352731, 229735.87619999999878928 78225.22800000000279397, 229763.1075999999884516 78131.24599999999918509, 229850.76199999998789281 77753.25320000000647269, 229928.83600000001024455 77396.90439999999944121, 229955.06280000001424924 77274.6962000000057742, 229968.16279999999096617 77215.55839999999443535, 229559.401400000002468 77124.78019999999378342, 229191.0771999999997206 77032.35740000000805594, 228460.0356000000028871 76859.94340000000374857, 227647.46280000000842847 76668.00620000000344589, 227283.09659999998984858 76580.52220000000670552, 227033.35440000001108274 76520.67960000000311993, 226962.98000000001047738 76501.93180000000575092, 226574.66820000001462176 76424.33719999999448191, 226097.23300000000745058 76311.6309999999939464, 225960.79660000000149012 76276.06919999999809079, 225776.30520000000251457 76233.90439999999944121, 224837.83739999998942949 76019.13219999999273568, 224659.62859999999636784 75980.24959999999555293, 224013.33580000000074506 75809.13159999999334104, 223899.88779999999678694 75779.25780000000668224, 223257.29839999999967404 75633.08779999999387655, 223080.47800000000279397 75589.49020000000018626, 223068.33360000001266599 75586.45660000000498258, 223050.1128000000026077 75582.1190000000060536, 222840.88579999998910353 75528.75400000000081491, 222672.47980000000097789 75491.14500000000407454, 222592.66459999998915009 75474.42979999999806751, 222488.61240000001271255 75449.35700000000360887, 222434.70579999999608845 75433.05960000000777654, 222397.51439999998547137 75422.19479999999748543, 222361.15859999999520369 75402.97239999999874271, 222321.45999999999185093 75391.27160000000731088, 222272.98579999999492429 75377.48159999999916181, 222110.01240000000689179 75351.15519999999378342, 221979.63360000000102445 75321.48579999999492429, 221891.04279999999562278 75301.00979999999981374, 221833.79320000001462176 75283.87660000000323635, 221741.02359999998589046 75262.14699999999720603, 221643.65739999999641441 75241.2529999999969732, 221427.61300000001210719 75188.18219999999564607, 221287.62299999999231659 75158.51279999999678694, 221151.39400000000023283 75123.82880000000295695, 221059.8779999999969732 75118.81440000000293367, 221039.40179999999236315 75119.65000000000873115, 220976.30179999998654239 75104.18859999999403954, 220880.60719999999855645 75067.41520000000309665, 220815.41779999999562278 75050.69999999999708962, 220712.20120000001043081 75028.55240000000048894, 220541.70579999999608845 74990.10739999999350403, 220440.99660000001313165 74963.36320000000705477, 220362.85300000000279397 74944.14059999999881256, 220209.49059999999008141 74909.45660000000498258, 220145.13699999998789281 74889.81639999999606516, 220082.45499999998719431 74877.27999999999883585, 219973.8060000000114087 74854.29660000000149012, 219893.18960000001243316 74835.31639999999606516, 219622.96319999999832362 74774.82520000000658911, 219406.10279999999329448 74720.63760000000183936, 219212.42720000000554137 74670.01159999999799766, 219158.52059999998891726 74651.20720000000437722, 219139.29800000000977889 74650.37140000000363216, 219072.85500000001047738 74619.4481999999989057, 219045.27480000001378357 74608.16539999999804422, 219034.82779999999911524 74632.82039999999688007, 218984.68220000001019798 74616.52319999999599531, 218936.20800000001327135 74604.40459999999438878, 218869.34719999998924322 74591.86819999999715947, 218831.7378000000026077 74595.62919999999576248, 218786.6068000000086613 74595.2114000000001397, 218706.37359999999171123 74572.64579999999841675, 218595.63519999998970889 74544.22999999999592546, 218383.76959999999962747 74498.68120000000635628, 218268.85240000000339933 74471.51900000000023283, 218175.66500000000814907 74443.52100000000791624, 218161.03919999999925494 74431.82039999999688007, 218125.93719999998575076 74418.4481999999989057, 218099.19279999998980202 74405.4940000000060536, 218063.2552000000141561 74395.46480000000155997, 218027.73519999999552965 74396.71859999999287538, 217999.73720000000321306 74393.79339999999501742, 217960.87440000000060536 74392.53979999999864958, 217924.1008000000147149 74387.52520000000367872, 217787.03599999999278225 74357.43779999999969732, 217695.10219999999389984 74336.12600000000384171, 217611.9439999999885913 74321.50019999999494758, 217563.46979999999166466 74304.78500000000349246, 217533.38240000000223517 74293.50239999999757856, 217459.83540000001084991 74281.38379999999597203, 217350.35060000000521541 74256.3110000000015134, 217225.82219999999506399 74224.97000000000116415, 217089.17499999998835847 74194.46480000000155997, 216858.50500000000465661 74143.48360000000684522, 216799.58379999999306165 74133.03660000000672881, 216685.08439999999245629 74102.11359999999694992, 216536.73680000001331791 74073.69779999999445863, 216363.73420000000623986 74041.10319999999774154, 216196.16399999998975545 74005.5834000000031665, 216050.50659999999334104 73975.27999999999883585, 215982.80360000001383014 73961.05439999999362044, 215919.4878000000026077 73949.68959999999788124, 215891.94899999999324791 74080.49839999999676365, 215882.15679999999701977 74107.85360000000218861, 215868.54560000001220033 74112.5610000000015134, 215830.10060000000521541 74110.4716000000044005, 215202.02580000000307336 74087.07060000000637956, 215064.12520000000949949 74082.89200000000710133, 214431.45379999998840503 74060.74460000000544824, 214125.75440000000526197 74057.33319999999366701, 213654.21199999999953434 74037.45279999999911524, 213653.57740000000922009 74367.9554000000061933, 213650.931799999991199 74887.77899999999499414, 213657.21539999998640269 75102.09140000000479631, 213670.52820000000065193 75390.42519999999785796, 213678.56700000001001172 75494.4805999999953201, 213685.25320000000647269 75569.69899999999324791, 213689.85000000000582077 75704.46540000000095461, 213694.02880000000004657 75785.32540000000153668, 213699.4614000000001397 75855.11139999999431893, 213703.6401999999943655 75900.45140000000537839, 213711.16219999999157153 75949.55240000000048894, 213720.7734000000054948 76012.65219999999681022, 213724.32540000000153668 76044.2021999999997206, 213736.23499999998603016 76091.84059999999590218, 213750.44299999999930151 76163.29820000000472646, 213758.17379999998956919 76226.18919999999343418, 213700.61819999999715947 76229.16340000000491273, 213708.70559999998658895 76278.74559999999473803, 213680.27239999998710118 76279.86340000000200234, 213644.71940000000176951 76282.08079999999608845, 213635.25339999998686835 76283.34639999999490101, 213625.16639999998733401 76285.94060000000172295, 213616.23660000000381842 76287.26360000000568107, 213590.27439999999478459 76289.08259999999427237, 213576.21840000001247972 76290.6533999999955995, 213564.47740000000339933 76292.63779999999678694, 213553.89420000000973232 76295.20100000000093132, 213523.63240000000223517 76305.78440000000409782, 213512.88360000000102445 76308.26480000000447035, 213503.12719999998807907 76308.92639999999664724, 213485.76399999999557622 76308.09940000000642613, 213419.28740000000107102 76301.65020000000367872, 213316.09979999999632128 76289.08259999999427237, 213170.74439999999594875 76288.75179999999818392, 213161.64939999999478459 76287.75960000000486616, 213154.78680000000167638 76285.81660000000556465, 213146.2704000000085216 76281.97179999999934807, 213139.15979999999399297 76277.01099999999860302, 213133.3720000000030268 76271.05779999999504071, 213127.58439999999245629 76262.78960000000370201, 213124.69039999999222346 76256.96039999999629799, 213123.9462000000057742 76252.70239999999466818, 213124.11160000000381842 76246.91460000000370201, 213124.85579999999026768 76240.50659999999334104, 213125.43460000000777654 76233.35460000000603031, 213124.99600000001373701 76221.486799999998766, 213111.21319999999832362 76119.6665999999968335, 213104.73720000000321306 76106.63280000000668224, 213085.59479999999166466 76102.70579999999608845, 213051.32860000000800937 76095.18399999999382999, 212997.83979999998700805 76081.39400000000023283, 212971.51339999999618158 76075.54379999999946449, 212960.6484000000054948 76069.27559999999357387, 212952.70879999999306165 76056.73919999999634456, 212947.27619999999296851 76033.75560000000405125, 212946.02259999999660067 75958.53720000000612345, 212941.84380000000237487 75881.22939999999653082, 212938.75119999999878928 75875.74659999999857973, 212923.51339999999618158 75870.60120000000461005, 212902.90040000001317821 75868.12260000000242144, 212644.05319999999483116 75838.37260000000242144, 212470.00080000000889413 75814.57240000000456348, 212351.36259999999310821 75797.46600000000034925, 212064.62239999999292195 75749.8647999999957392, 211845.19719999999506399 75708.95720000000437722, 211754.0801999999966938 75690.36299999999755528, 211511.22500000000582077 75647.59600000000500586, 211493.00140000000828877 75646.85240000000339933, 211213.9195999999938067 75596.72560000000521541, 211208.8568000000086613 75620.30299999999988358, 211191.93260000000009313 75681.5224000000016531, 211168.9492000000027474 75762.38240000000223517, 211138.45319999998901039 75867.99820000000181608, 211068.24940000000060536 76137.94899999999324791, 211002.22440000000642613 76392.85619999999471474, 210915.7233999999880325 76681.82060000000637956, 210875.39799999998649582 76864.43420000000332948, 210843.22140000000945292 76985.41079999999783468, 210812.71619999999529682 77118.29679999999643769, 210790.7773999999917578 77210.6484000000054948, 210769.88339999999152496 77316.99880000000121072, 210726.00620000000344589 77470.15219999999681022, 210683.80019999999785796 77591.54640000000654254, 210658.93640000000596046 77675.12260000000242144, 210640.96760000000358559 77736.96880000000237487, 210616.1038000000116881 77813.02300000000104774, 210602.52259999999660067 77856.48260000000300352, 210577.2410000000090804 77945.07339999999385327, 210550.49660000001313165 78037.63379999999597203, 210527.30439999999362044 78123.92620000000169966, 210502.64939999999478459 78227.3515999999945052, 210497.00800000000162981 78263.0804000000061933, 210478.62140000000363216 78329.73240000000805594, 210466.71179999999003485 78413.93520000000717118, 210457.72740000000339933 78490.61639999999897555, 210444.77319999999599531 78598.22060000000055879, 210438.08720000000903383 78650.03780000000551809, 210426.38659999999799766 78759.94040000000677537, 210423.5659999999916181 78791.38580000000365544, 210420.11840000000665896 78833.43499999999767169, 210410.92519999999785796 78949.60580000000481959, 210410.81359999999403954 78991.526400000002468))) | B12: UTA Găgăuzia, sat. Copceac | C12: sat. Copceac | D12: 9626 | E12: =IF(LEN(D12)=3,"0"&TEXT(D12,0),TEXT(D12,0)) -> 9626 | F12: 104.076
A13: MultiPolygon (((208829.34959999998682179 134386.30919999998877756, 208951.95800000001327135 134361.67860000001383014, 209235.41800000000512227 134252.8301999999966938, 209520.11400000000139698 134143.28659999999217689, 209685.30960000000777654 134077.67720000000554137, 209862.8060000000114087 134011.48240000000805594, 210054.94760000001406297 133918.92639999999664724, 210573.96280000000842847 133641.84479999999166466, 210587.72920000000158325 133625.88180000000284053, 210620.82680000000982545 133603.32860000000800937, 210645.42999999999301508 133590.2948000000033062, 210683.28239999999641441 133570.42399999999906868, 210831.12760000000707805 133483.09380000000237487, 210913.37940000000526197 133439.19339999998919666, 210984.6962000000057742 133398.9310000000114087, 211129.32480000000214204 133314.69180000000051223, 211197.94980000000214204 133275.65679999999701977, 211314.70279999999911524 133208.94120000000111759, 211365.66719999999622814 133332.83720000000903383, 211427.49580000000423752 133490.9726000000082422, 211510.94459999998798594 133698.66699999998672865, 211565.42379999998956919 133830.76420000000507571, 211590.02720000001136214 133883.77880000000004657, 211665.88800000000628643 134068.30460000000311993, 211780.54259999998612329 134338.6371999999973923, 211885.85440000001108274 134597.57180000000516884, 212040.49460000000544824 134974.03119999999762513, 212065.10099999999511056 135029.15659999998752028, 212071.93760000000474975 135045.38300000000162981, 212112.22060000000055879 135002.13659999999799766, 212206.49979999999050051 134903.76639999999315478, 212290.41300000000046566 134814.84679999999934807, 212387.25440000000526197 134711.78680000000167638, 212549.1879999999946449 134536.78419999999459833, 213205.43859999999403954 133845.85699999998905696, 213299.89559999998891726 133745.89220000000204891, 214117.55780000000959262 132941.66759999998612329, 214514.52059999998891726 132537.8508000000147149, 214551.54180000000633299 132494.63519999998970889, 214630.71179999999003485 132406.95679999998537824, 214728.15320000000065193 132287.95720000000437722, 214886.76019999998970889 132089.50880000001052395, 215028.09640000000945292 131904.21359999998821877, 215106.66260000001057051 131796.63620000000810251, 215183.99280000000726432 131681.85519999999087304, 215160.91820000001462176 131583.80360000001383014, 215116.16380000000935979 131382.94219999999040738, 215016.93739999999525025 130904.41120000000228174, 214973.5151999999943655 130680.65260000000125729, 214942.76560000001336448 130542.92939999999362044, 214899.23920000001089647 130325.74060000000463333, 214900.58179999998537824 130289.90420000000449363, 214914.12979999999515712 130270.81279999999969732, 214896.53740000000107102 130260.16839999999501742, 214885.2796000000089407 130229.44359999999869615, 214868.61000000001513399 130190.47620000000461005, 214829.05999999999767169 130067.89139999999315478, 214792.79720000000088476 129890.50800000000162981, 214788.25239999999757856 129860.5580000000045402, 214730.73759999999310821 129630.13740000000689179, 214661.48560000001452863 129329.39560000000346918, 214606.79980000000796281 129115.70739999999932479, 214577.30179999998654239 129007.53160000000207219, 214544.66800000000512227 128863.89160000000265427, 214498.90479999998933636 128661.40300000000570435, 214454.94959999999264255 128461.43420000000332948, 214550.48060000000987202 128427.97179999999934807, 214595.0181999999913387 128407.7734000000054948, 214823.01920000000973232 127528.930000000007567, 214946.10519999999087304 126754.09500000000116415, 214981.41419999999925494 126539.87320000000181608, 215014.09479999999166466 126293.92900000000372529, 214972.27079999999841675 126325.83520000000135042, 214922.58999999999650754 126335.08319999999366701, 214892.07320000001345761 126336.75040000000444707, 214859.59080000000540167 126332.35099999999511056, 214810.32740000000922009 126316.55719999999564607, 214785.80179999998654239 126306.04200000000128057, 214766.86079999999492429 126292.39900000000488944, 214697.58259999999427237 126232.6015999999945052, 214670.80439999999362044 126215.65219999999681022, 214628.43140000000130385 126185.79579999999259599, 214577.85519999999087304 126158.48619999999937136, 214514.78119999999762513 126127.18959999999788124, 214419.60860000000684522 126086.1698000000033062, 214231.7938000000140164 125994.42500000000291038, 214192.59359999999287538 125979.52060000000346918, 214149.10339999999268912 125968.17919999999867287, 213976.22599999999511056 125931.52479999999923166, 213929.63519999998970889 126233.71360000000277068, 213918.46040000001084991 126309.35820000000239816, 213834.38879999998607673 126816.85039999999571592, 213812.98159999999916181 126939.91580000000249129, 213520.37739999999757856 126875.02980000000388827, 213397.59119999999529682 126846.430000000007567, 212854.14679999998770654 126698.42699999999604188, 212411.15419999998994172 126633.16300000000046566, 212378.39420000000973232 126627.36860000000160653, 211900.48499999998603016 126563.89579999999841675, 211905.89799999998649582 126645.98600000000442378, 211914.72000000000116415 126766.00579999999899883, 211923.13159999999334104 126873.30539999999746215, 211927.85039999999571592 126939.98320000000239816, 211934.82560000001103617 127037.22999999999592546, 211942.6220000000030268 127129.75819999999657739, 211948.57159999999566935 127200.33400000000256114, 211959.44519999998738058 127228.44120000000111759, 211966.21559999999590218 127274.19220000000495929, 211975.03760000001057051 127348.46099999999569263, 211977.08919999998761341 127454.94019999999727588, 211983.65439999999944121 127553.21259999999892898, 211985.29560000001220033 127572.4980000000068685, 211991.53299999999580905 127625.76600000000325963, 211999.53419999999459833 127686.4940000000060536, 212003.02220000000670552 127735.9379999999946449, 212009.58739999998942949 127831.54360000000451691, 212019.22980000000097789 127901.70900000000256114, 212022.51259999998728745 127934.53500000000349246, 212021.69180000000051223 127981.3120000000053551, 212020.87100000001373701 128042.45040000000153668, 212023.33300000001327135 128065.22340000000258442, 212030.71900000001187436 128082.61079999999492429, 212041.7978000000002794 128093.12540000000444707, 212053.4917999999888707 128099.28019999999378342, 211966.09299999999348074 128102.81919999999809079, 211851.2021999999997206 128108.97400000000197906, 211776.98980000001029111 128116.43839999999909196, 211746.14939999999478459 128118.30760000000009313, 211697.1157999999995809 128115.64040000000386499, 211649.3129999999946449 128113.38360000000102445, 211604.38260000001173466 128107.22879999999713618, 211552.681799999991199 128096.76559999999881256, 211355.3159999999916181 128057.37440000000060536, 211241.04060000000754371 128039.11500000000523869, 211060.08780000000842847 128002.59619999999995343, 211039.16120000000228174 128000.44180000000051223, 211011.2592000000004191 128000.85219999999389984, 210973.30420000001322478 128006.39160000000265427, 210938.42660000000614673 128010.90519999999378342, 210874.21080000000074506 128026.90780000000086147, 210804.04540000000270084 128041.88460000000486616, 210731.82839999999850988 128056.04080000000249129, 210635.1969999999855645 128076.35180000000400469, 210576.52059999998891726 128092.14939999999478459, 210485.63380000001052395 128111.33199999999487773, 210328.27439999999478459 128142.92699999999604188, 210154.91240000000107102 128178.62519999999494758, 209971.08720000000903383 128214.73360000000684522, 209749.71720000001369044 128258.63839999999618158, 209513.98600000000442378 128301.10679999999410938, 209373.24460000000544824 128323.88000000000465661, 209239.88939999998547137 128361.21940000000176951, 209218.55259999999543652 128361.83500000000640284, 209125.81940000000759028 128356.09040000000095461, 208999.84979999999632128 128344.60139999999955762, 208846.18340000000898726 128326.95739999999932479, 208740.11400000000139698 128309.92900000000372529, 208647.99679999999352731 128305.82580000000598375, 208360.57560000001103617 128297.80040000000735745, 208430.84880000000703149 129111.82980000000679865, 208223.60879999998724088 130017.02999999999883585, 208159.26980000000912696 130270.53599999999278225, 208157.11400000000139698 130306.05100000000675209, 208163.65040000001317821 130379.6962000000057742, 208180.80720000001019798 130416.53780000000551809, 208237.90419999998994172 130442.01540000000386499, 208235.57560000001103617 130520.77039999999396969, 208272.43619999999646097 130566.44500000000698492, 208249.87020000000484288 130604.40899999999965075, 208246.68739999999525025 130631.29979999999341089, 208216.73219999999855645 130650.12940000000526197, 208200.96659999998519197 130667.04360000000451691, 208199.90820000000530854 130683.75280000000202563, 208207.33280000000377186 130692.63499999999476131, 208192.01459999999497086 130729.5580000000045402, 208209.24820000000181608 130742.68839999999909196, 208157.13699999998789281 130790.69640000000072177, 208140.31380000000353903 130811.21259999999892898, 208132.5174000000115484 130841.5761999999958789, 208137.03099999998812564 130863.32339999999385327, 208155.90580000000772998 130879.73660000000381842, 208171.49820000000181608 130918.7173999999940861, 208170.67739999998593703 130948.67100000000209548, 208167.39499999998952262 130965.08379999999306165, 208158.77820000000065193 130980.26579999999376014, 208148.29720000000088476 130982.25800000000162981, 208146.55340000000433065 130990.6695999999938067, 208137.85180000000400469 131002.42339999999967404, 208137.1939999999885913 131040.30520000000251457, 208119.79740000001038425 131058.22740000000339933, 208107.98300000000745058 131066.01540000000386499, 208095.58799999998882413 131067.66520000000309665, 208089.02319999999599531 131095.56719999999040738, 208073.02000000001862645 131138.65119999999296851, 208054.5560000000114087 131157.1157999999995809, 208041.83600000001024455 131176.40119999999296851, 208032.3984000000054948 131206.7651999999943655, 208034.44959999999264255 131231.7948000000033062, 208048.40080000000307336 131239.59119999999529682, 208079.99600000001373701 131239.59119999999529682, 208087.79199999998672865 131232.61559999999008141, 208095.99840000001131557 131234.25680000000284053, 208105.84640000000945292 131242.46319999999832362, 208121.9340000000083819 131251.43059999999240972, 208125.78440000000409782 131258.83079999999608845, 208130.13899999999557622 131333.62040000001434237, 208131.34479999999166466 131360.22119999999995343, 208162.76099999999860302 131418.33000000001629815, 208173.83979999998700805 131451.36100000000442378, 208189.84260000000358559 131531.98980000001029111, 208200.71619999999529682 131579.79259999998612329, 208224.1045999999914784 131674.9878000000026077, 208239.4917999999888707 131718.48219999999855645, 208264.931799999991199 131800.13659999999799766, 208273.95900000000256114 131843.22060000000055879, 208290.78219999998691492 131913.1810000000114087, 208302.681799999991199 131954.00839999999152496, 208322.99280000000726432 132031.55960000000777654, 208347.40679999999701977 132124.49799999999231659, 208368.94899999999324791 132212.10219999999389984, 208408.13519999998970889 132348.94539999999688007, 208446.08999999999650754 132456.03979999999864958, 208465.17000000001280569 132507.12520000000949949, 208489.17399999999906868 132557.59520000001066364, 208528.1546000000089407 132637.60839999999734573, 208558.31340000001364388 132669.40840000001480803, 208579.65059999999357387 132712.08220000000437722, 208583.54860000000917353 132720.49379999999655411, 208595.42300000000977889 132762.95259999998961575, 208597.06419999999343418 132790.8545999999914784, 208599.5507999999972526 132808.50839999999152496, 208611.04000000000814907 132849.848599999997532, 208628.27360000001499429 132921.24499999999534339, 208640.1728000000002794 132974.99739999999292195, 208650.02059999998891726 133036.13579999998910353, 208659.86859999998705462 133091.5296000000089407, 208666.43340000000898726 133140.76840000000083819, 208680.79540000000270084 133238.0151999999943655, 208685.1038000000116881 133280.68900000001303852, 208707.46640000000479631 133381.32099999999627471, 208718.13500000000931323 133449.33220000000437722, 208724.67519999999785796 133495.17619999998714775, 208733.29200000001583248 133542.77379999999538995, 208742.72920000000158325 133595.50039999998989515, 208755.03880000000935979 133664.02460000000428408, 208765.91240000000107102 133715.11000000001513399, 208862.13339999999152496 134208.31979999999748543, 208861.31260000000474975 134315.00399999998626299, 208829.34959999998682179 134386.30919999998877756))) | B13: UTA Găgăuzia, com. Congazcicul de Sus | C13: com. Congazcicul de Sus | D13: 9624 | E13: =IF(LEN(D13)=3,"0"&TEXT(D13,0),TEXT(D13,0)) -> 9624 | F13: 40.983
